scenario_id,stack_id,feasibility_status,target_metric_id,target_role,first_slice_required,rule_id,evidence_relation,source_dataset_ids,source_metric_ids,profile_state,bridge_state,uncertainty_state,readiness_status,gap_id,blocking_reasons,closure_action,baseline_readiness_status,readiness_status_changed,sensitivity_scheme
asset_tracking_connected_handover,ltem_ip_coap_dtls_lwm2m,feasible,delivery_probability,optional_soft_only_when_attempt_denominator_is_identified,False,generic_delivery_missing,MISSING,,,NOT_MATERIALISED,NO_CONTRACT,no_attempt_outcome_source,MISSING,non_lora_delivery_probability_source,core_four_contains_no_attempt_denominator_for_candidate,Add candidate-specific attempted-transmission outcome evidence only if delivery probability is retained as a soft criterion.,MISSING,False,FROZEN
asset_tracking_connected_handover,ltem_ip_coap_dtls_lwm2m,feasible,end_to_end_application_latency_ms,hard_or_contextual_until_comparable_soft_evidence_exists,False,cellular_ip_latency,BRIDGEABLE,vomhoff_nbiot_ltem_energy_2023,device_phase_duration_s,NOT_MATERIALISED,NO_CONTRACT,identified_conditional_within_study_nonparametric,PROFILE_UNRESOLVED,cellular_ip_application_latency_bridge,phase_to_application_endpoint_mapping_not_materialised|candidate_stack_not_identical_to_source_context,Define the application-to-application endpoint and validate a phase-composition timing bridge; do not call capture/phase duration end-to-end latency directly.,PROFILE_UNRESOLVED,False,FROZEN
asset_tracking_connected_handover,ltem_ip_coap_dtls_lwm2m,feasible,expected_device_energy_per_application_report_j,soft_candidate_for_first_decision_slice,True,cellular_ip_report_energy,BRIDGEABLE,vomhoff_nbiot_ltem_energy_2023,device_phase_energy_j,NOT_MATERIALISED,NO_CONTRACT,identified_conditional_within_study_nonparametric,PROFILE_UNRESOLVED,cellular_ip_report_energy_bridge,scenario_report_profile_not_materialised|source_application_stack_not_identical_to_candidate|phase_to_report_accounting_bridge_not_materialised,Define scenario-specific cellular report profiles and validate phase-to-report composition while preserving Vomhoff physical-run joint bootstrap semantics.,PROFILE_UNRESOLVED,False,FROZEN
asset_tracking_connected_handover,ltem_ip_coap_dtls_lwm2m,feasible,feasible_link_probability,hard_or_contextual_until_scenario_link_model_is_identified,False,generic_coverage_missing,MISSING,,,NOT_MATERIALISED,NO_CONTRACT,no_scenario_link_source,MISSING,non_lora_scenario_link_probability_source,core_four_contains_no_candidate_aligned_scenario_coverage_model,Keep site/service availability in hard feasibility for the first decision slice; add technology-specific field/link models only if probabilistic coverage becomes decision-critical.,MISSING,False,FROZEN
asset_tracking_connected_handover,ltem_ip_coap_dtls_lwm2m,feasible,lifecycle_cost_eur,soft_candidate_for_first_decision_slice,True,lifecycle_cost_all_candidates,MISSING,,,NOT_MATERIALISED,NO_CONTRACT,no_cost_evidence_contract,MISSING,lifecycle_cost_model,ownership_boundary_not_frozen|cost_horizon_not_frozen|hardware_infrastructure_subscription_maintenance_evidence_missing,Define a dated lifecycle-cost contract and source-backed low/reference/high cost evidence; keep smoke-test costs out of publication analysis.,MISSING,False,FROZEN
asset_tracking_connected_handover,ltem_ip_mqtt_tls_lwm2m,feasible,delivery_probability,optional_soft_only_when_attempt_denominator_is_identified,False,generic_delivery_missing,MISSING,,,NOT_MATERIALISED,NO_CONTRACT,no_attempt_outcome_source,MISSING,non_lora_delivery_probability_source,core_four_contains_no_attempt_denominator_for_candidate,Add candidate-specific attempted-transmission outcome evidence only if delivery probability is retained as a soft criterion.,MISSING,False,FROZEN
asset_tracking_connected_handover,ltem_ip_mqtt_tls_lwm2m,feasible,end_to_end_application_latency_ms,hard_or_contextual_until_comparable_soft_evidence_exists,False,cellular_ip_latency,BRIDGEABLE,vomhoff_nbiot_ltem_energy_2023,device_phase_duration_s,NOT_MATERIALISED,NO_CONTRACT,identified_conditional_within_study_nonparametric,PROFILE_UNRESOLVED,cellular_ip_application_latency_bridge,phase_to_application_endpoint_mapping_not_materialised|candidate_stack_not_identical_to_source_context,Define the application-to-application endpoint and validate a phase-composition timing bridge; do not call capture/phase duration end-to-end latency directly.,PROFILE_UNRESOLVED,False,FROZEN
asset_tracking_connected_handover,ltem_ip_mqtt_tls_lwm2m,feasible,expected_device_energy_per_application_report_j,soft_candidate_for_first_decision_slice,True,cellular_ip_report_energy,BRIDGEABLE,vomhoff_nbiot_ltem_energy_2023,device_phase_energy_j,NOT_MATERIALISED,NO_CONTRACT,identified_conditional_within_study_nonparametric,PROFILE_UNRESOLVED,cellular_ip_report_energy_bridge,scenario_report_profile_not_materialised|source_application_stack_not_identical_to_candidate|phase_to_report_accounting_bridge_not_materialised,Define scenario-specific cellular report profiles and validate phase-to-report composition while preserving Vomhoff physical-run joint bootstrap semantics.,PROFILE_UNRESOLVED,False,FROZEN
asset_tracking_connected_handover,ltem_ip_mqtt_tls_lwm2m,feasible,feasible_link_probability,hard_or_contextual_until_scenario_link_model_is_identified,False,generic_coverage_missing,MISSING,,,NOT_MATERIALISED,NO_CONTRACT,no_scenario_link_source,MISSING,non_lora_scenario_link_probability_source,core_four_contains_no_candidate_aligned_scenario_coverage_model,Keep site/service availability in hard feasibility for the first decision slice; add technology-specific field/link models only if probabilistic coverage becomes decision-critical.,MISSING,False,FROZEN
asset_tracking_connected_handover,ltem_ip_mqtt_tls_lwm2m,feasible,lifecycle_cost_eur,soft_candidate_for_first_decision_slice,True,lifecycle_cost_all_candidates,MISSING,,,NOT_MATERIALISED,NO_CONTRACT,no_cost_evidence_contract,MISSING,lifecycle_cost_model,ownership_boundary_not_frozen|cost_horizon_not_frozen|hardware_infrastructure_subscription_maintenance_evidence_missing,Define a dated lifecycle-cost contract and source-backed low/reference/high cost evidence; keep smoke-test costs out of publication analysis.,MISSING,False,FROZEN
asset_tracking_connected_handover,ltem_nonip_lwm2m,feasible,delivery_probability,optional_soft_only_when_attempt_denominator_is_identified,False,generic_delivery_missing,MISSING,,,NOT_MATERIALISED,NO_CONTRACT,no_attempt_outcome_source,MISSING,non_lora_delivery_probability_source,core_four_contains_no_attempt_denominator_for_candidate,Add candidate-specific attempted-transmission outcome evidence only if delivery probability is retained as a soft criterion.,MISSING,False,FROZEN
asset_tracking_connected_handover,ltem_nonip_lwm2m,feasible,end_to_end_application_latency_ms,hard_or_contextual_until_comparable_soft_evidence_exists,False,cellular_nonip_latency,INCOMPATIBLE,vomhoff_nbiot_ltem_energy_2023,device_phase_duration_s,NOT_MATERIALISED,NO_CONTRACT,no_candidate_aligned_empirical_source,INCOMPATIBLE,cellular_nonip_application_latency_source,vomhoff_ip_context_not_transferable_to_ciot_nonip,Obtain matched Non-IP end-to-end timing evidence or a separately validated transfer model.,INCOMPATIBLE,False,FROZEN
asset_tracking_connected_handover,ltem_nonip_lwm2m,feasible,expected_device_energy_per_application_report_j,soft_candidate_for_first_decision_slice,True,cellular_nonip_report_energy,INCOMPATIBLE,vomhoff_nbiot_ltem_energy_2023,device_phase_energy_j,NOT_MATERIALISED,NO_CONTRACT,no_candidate_aligned_empirical_source,INCOMPATIBLE,cellular_nonip_report_energy_source,vomhoff_ip_context_not_transferable_to_ciot_nonip,Obtain matched Non-IP whole-device/report evidence or validate an explicit IP-to-Non-IP transfer model; do not reuse Vomhoff IP phases directly.,INCOMPATIBLE,False,FROZEN
asset_tracking_connected_handover,ltem_nonip_lwm2m,feasible,feasible_link_probability,hard_or_contextual_until_scenario_link_model_is_identified,False,generic_coverage_missing,MISSING,,,NOT_MATERIALISED,NO_CONTRACT,no_scenario_link_source,MISSING,non_lora_scenario_link_probability_source,core_four_contains_no_candidate_aligned_scenario_coverage_model,Keep site/service availability in hard feasibility for the first decision slice; add technology-specific field/link models only if probabilistic coverage becomes decision-critical.,MISSING,False,FROZEN
asset_tracking_connected_handover,ltem_nonip_lwm2m,feasible,lifecycle_cost_eur,soft_candidate_for_first_decision_slice,True,lifecycle_cost_all_candidates,MISSING,,,NOT_MATERIALISED,NO_CONTRACT,no_cost_evidence_contract,MISSING,lifecycle_cost_model,ownership_boundary_not_frozen|cost_horizon_not_frozen|hardware_infrastructure_subscription_maintenance_evidence_missing,Define a dated lifecycle-cost contract and source-backed low/reference/high cost evidence; keep smoke-test costs out of publication analysis.,MISSING,False,FROZEN
asset_tracking_periodic_cross_cell,ltem_ip_coap_dtls_lwm2m,feasible,delivery_probability,optional_soft_only_when_attempt_denominator_is_identified,False,generic_delivery_missing,MISSING,,,NOT_MATERIALISED,NO_CONTRACT,no_attempt_outcome_source,MISSING,non_lora_delivery_probability_source,core_four_contains_no_attempt_denominator_for_candidate,Add candidate-specific attempted-transmission outcome evidence only if delivery probability is retained as a soft criterion.,MISSING,False,FROZEN
asset_tracking_periodic_cross_cell,ltem_ip_coap_dtls_lwm2m,feasible,end_to_end_application_latency_ms,hard_or_contextual_until_comparable_soft_evidence_exists,False,cellular_ip_latency,BRIDGEABLE,vomhoff_nbiot_ltem_energy_2023,device_phase_duration_s,NOT_MATERIALISED,NO_CONTRACT,identified_conditional_within_study_nonparametric,PROFILE_UNRESOLVED,cellular_ip_application_latency_bridge,phase_to_application_endpoint_mapping_not_materialised|candidate_stack_not_identical_to_source_context,Define the application-to-application endpoint and validate a phase-composition timing bridge; do not call capture/phase duration end-to-end latency directly.,PROFILE_UNRESOLVED,False,FROZEN
asset_tracking_periodic_cross_cell,ltem_ip_coap_dtls_lwm2m,feasible,expected_device_energy_per_application_report_j,soft_candidate_for_first_decision_slice,True,cellular_ip_report_energy,BRIDGEABLE,vomhoff_nbiot_ltem_energy_2023,device_phase_energy_j,NOT_MATERIALISED,NO_CONTRACT,identified_conditional_within_study_nonparametric,PROFILE_UNRESOLVED,cellular_ip_report_energy_bridge,scenario_report_profile_not_materialised|source_application_stack_not_identical_to_candidate|phase_to_report_accounting_bridge_not_materialised,Define scenario-specific cellular report profiles and validate phase-to-report composition while preserving Vomhoff physical-run joint bootstrap semantics.,PROFILE_UNRESOLVED,False,FROZEN
asset_tracking_periodic_cross_cell,ltem_ip_coap_dtls_lwm2m,feasible,feasible_link_probability,hard_or_contextual_until_scenario_link_model_is_identified,False,generic_coverage_missing,MISSING,,,NOT_MATERIALISED,NO_CONTRACT,no_scenario_link_source,MISSING,non_lora_scenario_link_probability_source,core_four_contains_no_candidate_aligned_scenario_coverage_model,Keep site/service availability in hard feasibility for the first decision slice; add technology-specific field/link models only if probabilistic coverage becomes decision-critical.,MISSING,False,FROZEN
asset_tracking_periodic_cross_cell,ltem_ip_coap_dtls_lwm2m,feasible,lifecycle_cost_eur,soft_candidate_for_first_decision_slice,True,lifecycle_cost_all_candidates,MISSING,,,NOT_MATERIALISED,NO_CONTRACT,no_cost_evidence_contract,MISSING,lifecycle_cost_model,ownership_boundary_not_frozen|cost_horizon_not_frozen|hardware_infrastructure_subscription_maintenance_evidence_missing,Define a dated lifecycle-cost contract and source-backed low/reference/high cost evidence; keep smoke-test costs out of publication analysis.,MISSING,False,FROZEN
asset_tracking_periodic_cross_cell,ltem_ip_mqtt_tls_lwm2m,feasible,delivery_probability,optional_soft_only_when_attempt_denominator_is_identified,False,generic_delivery_missing,MISSING,,,NOT_MATERIALISED,NO_CONTRACT,no_attempt_outcome_source,MISSING,non_lora_delivery_probability_source,core_four_contains_no_attempt_denominator_for_candidate,Add candidate-specific attempted-transmission outcome evidence only if delivery probability is retained as a soft criterion.,MISSING,False,FROZEN
asset_tracking_periodic_cross_cell,ltem_ip_mqtt_tls_lwm2m,feasible,end_to_end_application_latency_ms,hard_or_contextual_until_comparable_soft_evidence_exists,False,cellular_ip_latency,BRIDGEABLE,vomhoff_nbiot_ltem_energy_2023,device_phase_duration_s,NOT_MATERIALISED,NO_CONTRACT,identified_conditional_within_study_nonparametric,PROFILE_UNRESOLVED,cellular_ip_application_latency_bridge,phase_to_application_endpoint_mapping_not_materialised|candidate_stack_not_identical_to_source_context,Define the application-to-application endpoint and validate a phase-composition timing bridge; do not call capture/phase duration end-to-end latency directly.,PROFILE_UNRESOLVED,False,FROZEN
asset_tracking_periodic_cross_cell,ltem_ip_mqtt_tls_lwm2m,feasible,expected_device_energy_per_application_report_j,soft_candidate_for_first_decision_slice,True,cellular_ip_report_energy,BRIDGEABLE,vomhoff_nbiot_ltem_energy_2023,device_phase_energy_j,NOT_MATERIALISED,NO_CONTRACT,identified_conditional_within_study_nonparametric,PROFILE_UNRESOLVED,cellular_ip_report_energy_bridge,scenario_report_profile_not_materialised|source_application_stack_not_identical_to_candidate|phase_to_report_accounting_bridge_not_materialised,Define scenario-specific cellular report profiles and validate phase-to-report composition while preserving Vomhoff physical-run joint bootstrap semantics.,PROFILE_UNRESOLVED,False,FROZEN
asset_tracking_periodic_cross_cell,ltem_ip_mqtt_tls_lwm2m,feasible,feasible_link_probability,hard_or_contextual_until_scenario_link_model_is_identified,False,generic_coverage_missing,MISSING,,,NOT_MATERIALISED,NO_CONTRACT,no_scenario_link_source,MISSING,non_lora_scenario_link_probability_source,core_four_contains_no_candidate_aligned_scenario_coverage_model,Keep site/service availability in hard feasibility for the first decision slice; add technology-specific field/link models only if probabilistic coverage becomes decision-critical.,MISSING,False,FROZEN
asset_tracking_periodic_cross_cell,ltem_ip_mqtt_tls_lwm2m,feasible,lifecycle_cost_eur,soft_candidate_for_first_decision_slice,True,lifecycle_cost_all_candidates,MISSING,,,NOT_MATERIALISED,NO_CONTRACT,no_cost_evidence_contract,MISSING,lifecycle_cost_model,ownership_boundary_not_frozen|cost_horizon_not_frozen|hardware_infrastructure_subscription_maintenance_evidence_missing,Define a dated lifecycle-cost contract and source-backed low/reference/high cost evidence; keep smoke-test costs out of publication analysis.,MISSING,False,FROZEN
asset_tracking_periodic_cross_cell,ltem_nonip_lwm2m,feasible,delivery_probability,optional_soft_only_when_attempt_denominator_is_identified,False,generic_delivery_missing,MISSING,,,NOT_MATERIALISED,NO_CONTRACT,no_attempt_outcome_source,MISSING,non_lora_delivery_probability_source,core_four_contains_no_attempt_denominator_for_candidate,Add candidate-specific attempted-transmission outcome evidence only if delivery probability is retained as a soft criterion.,MISSING,False,FROZEN
asset_tracking_periodic_cross_cell,ltem_nonip_lwm2m,feasible,end_to_end_application_latency_ms,hard_or_contextual_until_comparable_soft_evidence_exists,False,cellular_nonip_latency,INCOMPATIBLE,vomhoff_nbiot_ltem_energy_2023,device_phase_duration_s,NOT_MATERIALISED,NO_CONTRACT,no_candidate_aligned_empirical_source,INCOMPATIBLE,cellular_nonip_application_latency_source,vomhoff_ip_context_not_transferable_to_ciot_nonip,Obtain matched Non-IP end-to-end timing evidence or a separately validated transfer model.,INCOMPATIBLE,False,FROZEN
asset_tracking_periodic_cross_cell,ltem_nonip_lwm2m,feasible,expected_device_energy_per_application_report_j,soft_candidate_for_first_decision_slice,True,cellular_nonip_report_energy,INCOMPATIBLE,vomhoff_nbiot_ltem_energy_2023,device_phase_energy_j,NOT_MATERIALISED,NO_CONTRACT,no_candidate_aligned_empirical_source,INCOMPATIBLE,cellular_nonip_report_energy_source,vomhoff_ip_context_not_transferable_to_ciot_nonip,Obtain matched Non-IP whole-device/report evidence or validate an explicit IP-to-Non-IP transfer model; do not reuse Vomhoff IP phases directly.,INCOMPATIBLE,False,FROZEN
asset_tracking_periodic_cross_cell,ltem_nonip_lwm2m,feasible,feasible_link_probability,hard_or_contextual_until_scenario_link_model_is_identified,False,generic_coverage_missing,MISSING,,,NOT_MATERIALISED,NO_CONTRACT,no_scenario_link_source,MISSING,non_lora_scenario_link_probability_source,core_four_contains_no_candidate_aligned_scenario_coverage_model,Keep site/service availability in hard feasibility for the first decision slice; add technology-specific field/link models only if probabilistic coverage becomes decision-critical.,MISSING,False,FROZEN
asset_tracking_periodic_cross_cell,ltem_nonip_lwm2m,feasible,lifecycle_cost_eur,soft_candidate_for_first_decision_slice,True,lifecycle_cost_all_candidates,MISSING,,,NOT_MATERIALISED,NO_CONTRACT,no_cost_evidence_contract,MISSING,lifecycle_cost_model,ownership_boundary_not_frozen|cost_horizon_not_frozen|hardware_infrastructure_subscription_maintenance_evidence_missing,Define a dated lifecycle-cost contract and source-backed low/reference/high cost evidence; keep smoke-test costs out of publication analysis.,MISSING,False,FROZEN
asset_tracking_periodic_cross_cell,nbiot_ip_coap_dtls_lwm2m,feasible,delivery_probability,optional_soft_only_when_attempt_denominator_is_identified,False,generic_delivery_missing,MISSING,,,NOT_MATERIALISED,NO_CONTRACT,no_attempt_outcome_source,MISSING,non_lora_delivery_probability_source,core_four_contains_no_attempt_denominator_for_candidate,Add candidate-specific attempted-transmission outcome evidence only if delivery probability is retained as a soft criterion.,MISSING,False,FROZEN
asset_tracking_periodic_cross_cell,nbiot_ip_coap_dtls_lwm2m,feasible,end_to_end_application_latency_ms,hard_or_contextual_until_comparable_soft_evidence_exists,False,cellular_ip_latency,BRIDGEABLE,vomhoff_nbiot_ltem_energy_2023,device_phase_duration_s,NOT_MATERIALISED,NO_CONTRACT,identified_conditional_within_study_nonparametric,PROFILE_UNRESOLVED,cellular_ip_application_latency_bridge,phase_to_application_endpoint_mapping_not_materialised|candidate_stack_not_identical_to_source_context,Define the application-to-application endpoint and validate a phase-composition timing bridge; do not call capture/phase duration end-to-end latency directly.,PROFILE_UNRESOLVED,False,FROZEN
asset_tracking_periodic_cross_cell,nbiot_ip_coap_dtls_lwm2m,feasible,expected_device_energy_per_application_report_j,soft_candidate_for_first_decision_slice,True,cellular_ip_report_energy,BRIDGEABLE,vomhoff_nbiot_ltem_energy_2023,device_phase_energy_j,NOT_MATERIALISED,NO_CONTRACT,identified_conditional_within_study_nonparametric,PROFILE_UNRESOLVED,cellular_ip_report_energy_bridge,scenario_report_profile_not_materialised|source_application_stack_not_identical_to_candidate|phase_to_report_accounting_bridge_not_materialised,Define scenario-specific cellular report profiles and validate phase-to-report composition while preserving Vomhoff physical-run joint bootstrap semantics.,PROFILE_UNRESOLVED,False,FROZEN
asset_tracking_periodic_cross_cell,nbiot_ip_coap_dtls_lwm2m,feasible,feasible_link_probability,hard_or_contextual_until_scenario_link_model_is_identified,False,generic_coverage_missing,MISSING,,,NOT_MATERIALISED,NO_CONTRACT,no_scenario_link_source,MISSING,non_lora_scenario_link_probability_source,core_four_contains_no_candidate_aligned_scenario_coverage_model,Keep site/service availability in hard feasibility for the first decision slice; add technology-specific field/link models only if probabilistic coverage becomes decision-critical.,MISSING,False,FROZEN
asset_tracking_periodic_cross_cell,nbiot_ip_coap_dtls_lwm2m,feasible,lifecycle_cost_eur,soft_candidate_for_first_decision_slice,True,lifecycle_cost_all_candidates,MISSING,,,NOT_MATERIALISED,NO_CONTRACT,no_cost_evidence_contract,MISSING,lifecycle_cost_model,ownership_boundary_not_frozen|cost_horizon_not_frozen|hardware_infrastructure_subscription_maintenance_evidence_missing,Define a dated lifecycle-cost contract and source-backed low/reference/high cost evidence; keep smoke-test costs out of publication analysis.,MISSING,False,FROZEN
asset_tracking_periodic_cross_cell,nbiot_ip_mqtt_tls_lwm2m,feasible,delivery_probability,optional_soft_only_when_attempt_denominator_is_identified,False,generic_delivery_missing,MISSING,,,NOT_MATERIALISED,NO_CONTRACT,no_attempt_outcome_source,MISSING,non_lora_delivery_probability_source,core_four_contains_no_attempt_denominator_for_candidate,Add candidate-specific attempted-transmission outcome evidence only if delivery probability is retained as a soft criterion.,MISSING,False,FROZEN
asset_tracking_periodic_cross_cell,nbiot_ip_mqtt_tls_lwm2m,feasible,end_to_end_application_latency_ms,hard_or_contextual_until_comparable_soft_evidence_exists,False,cellular_ip_latency,BRIDGEABLE,vomhoff_nbiot_ltem_energy_2023,device_phase_duration_s,NOT_MATERIALISED,NO_CONTRACT,identified_conditional_within_study_nonparametric,PROFILE_UNRESOLVED,cellular_ip_application_latency_bridge,phase_to_application_endpoint_mapping_not_materialised|candidate_stack_not_identical_to_source_context,Define the application-to-application endpoint and validate a phase-composition timing bridge; do not call capture/phase duration end-to-end latency directly.,PROFILE_UNRESOLVED,False,FROZEN
asset_tracking_periodic_cross_cell,nbiot_ip_mqtt_tls_lwm2m,feasible,expected_device_energy_per_application_report_j,soft_candidate_for_first_decision_slice,True,cellular_ip_report_energy,BRIDGEABLE,vomhoff_nbiot_ltem_energy_2023,device_phase_energy_j,NOT_MATERIALISED,NO_CONTRACT,identified_conditional_within_study_nonparametric,PROFILE_UNRESOLVED,cellular_ip_report_energy_bridge,scenario_report_profile_not_materialised|source_application_stack_not_identical_to_candidate|phase_to_report_accounting_bridge_not_materialised,Define scenario-specific cellular report profiles and validate phase-to-report composition while preserving Vomhoff physical-run joint bootstrap semantics.,PROFILE_UNRESOLVED,False,FROZEN
asset_tracking_periodic_cross_cell,nbiot_ip_mqtt_tls_lwm2m,feasible,feasible_link_probability,hard_or_contextual_until_scenario_link_model_is_identified,False,generic_coverage_missing,MISSING,,,NOT_MATERIALISED,NO_CONTRACT,no_scenario_link_source,MISSING,non_lora_scenario_link_probability_source,core_four_contains_no_candidate_aligned_scenario_coverage_model,Keep site/service availability in hard feasibility for the first decision slice; add technology-specific field/link models only if probabilistic coverage becomes decision-critical.,MISSING,False,FROZEN
asset_tracking_periodic_cross_cell,nbiot_ip_mqtt_tls_lwm2m,feasible,lifecycle_cost_eur,soft_candidate_for_first_decision_slice,True,lifecycle_cost_all_candidates,MISSING,,,NOT_MATERIALISED,NO_CONTRACT,no_cost_evidence_contract,MISSING,lifecycle_cost_model,ownership_boundary_not_frozen|cost_horizon_not_frozen|hardware_infrastructure_subscription_maintenance_evidence_missing,Define a dated lifecycle-cost contract and source-backed low/reference/high cost evidence; keep smoke-test costs out of publication analysis.,MISSING,False,FROZEN
asset_tracking_periodic_cross_cell,nbiot_nonip_lwm2m,feasible,delivery_probability,optional_soft_only_when_attempt_denominator_is_identified,False,generic_delivery_missing,MISSING,,,NOT_MATERIALISED,NO_CONTRACT,no_attempt_outcome_source,MISSING,non_lora_delivery_probability_source,core_four_contains_no_attempt_denominator_for_candidate,Add candidate-specific attempted-transmission outcome evidence only if delivery probability is retained as a soft criterion.,MISSING,False,FROZEN
asset_tracking_periodic_cross_cell,nbiot_nonip_lwm2m,feasible,end_to_end_application_latency_ms,hard_or_contextual_until_comparable_soft_evidence_exists,False,cellular_nonip_latency,INCOMPATIBLE,vomhoff_nbiot_ltem_energy_2023,device_phase_duration_s,NOT_MATERIALISED,NO_CONTRACT,no_candidate_aligned_empirical_source,INCOMPATIBLE,cellular_nonip_application_latency_source,vomhoff_ip_context_not_transferable_to_ciot_nonip,Obtain matched Non-IP end-to-end timing evidence or a separately validated transfer model.,INCOMPATIBLE,False,FROZEN
asset_tracking_periodic_cross_cell,nbiot_nonip_lwm2m,feasible,expected_device_energy_per_application_report_j,soft_candidate_for_first_decision_slice,True,cellular_nonip_report_energy,INCOMPATIBLE,vomhoff_nbiot_ltem_energy_2023,device_phase_energy_j,NOT_MATERIALISED,NO_CONTRACT,no_candidate_aligned_empirical_source,INCOMPATIBLE,cellular_nonip_report_energy_source,vomhoff_ip_context_not_transferable_to_ciot_nonip,Obtain matched Non-IP whole-device/report evidence or validate an explicit IP-to-Non-IP transfer model; do not reuse Vomhoff IP phases directly.,INCOMPATIBLE,False,FROZEN
asset_tracking_periodic_cross_cell,nbiot_nonip_lwm2m,feasible,feasible_link_probability,hard_or_contextual_until_scenario_link_model_is_identified,False,generic_coverage_missing,MISSING,,,NOT_MATERIALISED,NO_CONTRACT,no_scenario_link_source,MISSING,non_lora_scenario_link_probability_source,core_four_contains_no_candidate_aligned_scenario_coverage_model,Keep site/service availability in hard feasibility for the first decision slice; add technology-specific field/link models only if probabilistic coverage becomes decision-critical.,MISSING,False,FROZEN
asset_tracking_periodic_cross_cell,nbiot_nonip_lwm2m,feasible,lifecycle_cost_eur,soft_candidate_for_first_decision_slice,True,lifecycle_cost_all_candidates,MISSING,,,NOT_MATERIALISED,NO_CONTRACT,no_cost_evidence_contract,MISSING,lifecycle_cost_model,ownership_boundary_not_frozen|cost_horizon_not_frozen|hardware_infrastructure_subscription_maintenance_evidence_missing,Define a dated lifecycle-cost contract and source-backed low/reference/high cost evidence; keep smoke-test costs out of publication analysis.,MISSING,False,FROZEN
environmental_private_lorawan,lorawan_lora_lwm2m_nonip,feasible,delivery_probability,optional_soft_only_when_attempt_denominator_is_identified,False,classical_lora_delivery,CONDITIONAL_INPUT_ONLY,loed_lorawan_edge_2020,gateway_rssi_dbm|gateway_snr_db,NOT_MATERIALISED,NO_CONTRACT,campaign_blocklength_robustness_not_delivery_probability,ROBUSTNESS_ONLY,lorawan_lora_delivery_attempt_denominator,attempted_transmission_denominator_absent|outcome_linked_delivery_model_absent|crc_fraction_prohibited_as_pdr,Add attempted-transmission outcomes or an externally validated outcome-linked LoRaWAN model; retain LoED only as conditional link evidence.,ROBUSTNESS_ONLY,False,FROZEN
environmental_private_lorawan,lorawan_lora_lwm2m_nonip,feasible,end_to_end_application_latency_ms,hard_or_contextual_until_comparable_soft_evidence_exists,False,classical_lora_latency,MISSING,loed_lorawan_edge_2020,,NOT_MATERIALISED,NO_CONTRACT,no_end_to_end_timing_source,MISSING,lorawan_lora_application_latency_source,gateway_reception_timestamps_do_not_define_application_latency,Obtain application-to-application latency measurements/model under a frozen LoRaWAN profile if latency is used beyond hard feasibility.,MISSING,False,FROZEN
environmental_private_lorawan,lorawan_lora_lwm2m_nonip,feasible,expected_device_energy_per_application_report_j,soft_candidate_for_first_decision_slice,True,classical_lora_report_energy,MISSING,loed_lorawan_edge_2020,,NOT_MATERIALISED,NO_CONTRACT,no_device_energy_source,MISSING,lorawan_lora_report_energy_source,loed_is_reception_side_only|no_classical_lora_device_energy_in_core_four,Add one matched whole-device classical-LoRa per-report energy source/model under an explicit LoRaWAN operating profile.,MISSING,False,FROZEN
environmental_private_lorawan,lorawan_lora_lwm2m_nonip,feasible,feasible_link_probability,hard_or_contextual_until_scenario_link_model_is_identified,False,classical_lora_coverage,CONDITIONAL_INPUT_ONLY,loed_lorawan_edge_2020,gateway_rssi_dbm|gateway_snr_db,NOT_MATERIALISED,NO_CONTRACT,campaign_blocklength_robustness,ROBUSTNESS_ONLY,lorawan_lora_scenario_link_model,scenario_geometry_not_bound|technology_specific_link_threshold_model_not_materialised,Build a scenario-conditioned LoRaWAN link model only when geometry/deployment assumptions are explicit; do not normalize RSSI/SNR across RATs.,ROBUSTNESS_ONLY,False,FROZEN
environmental_private_lorawan,lorawan_lora_lwm2m_nonip,feasible,lifecycle_cost_eur,soft_candidate_for_first_decision_slice,True,lifecycle_cost_all_candidates,MISSING,,,NOT_MATERIALISED,NO_CONTRACT,no_cost_evidence_contract,MISSING,lifecycle_cost_model,ownership_boundary_not_frozen|cost_horizon_not_frozen|hardware_infrastructure_subscription_maintenance_evidence_missing,Define a dated lifecycle-cost contract and source-backed low/reference/high cost evidence; keep smoke-test costs out of publication analysis.,MISSING,False,FROZEN
environmental_private_lorawan,lorawan_lrfhss_lwm2m_nonip,feasible,delivery_probability,optional_soft_only_when_attempt_denominator_is_identified,False,generic_delivery_missing,MISSING,,,NOT_MATERIALISED,NO_CONTRACT,no_attempt_outcome_source,MISSING,non_lora_delivery_probability_source,core_four_contains_no_attempt_denominator_for_candidate,Add candidate-specific attempted-transmission outcome evidence only if delivery probability is retained as a soft criterion.,MISSING,False,FROZEN
environmental_private_lorawan,lorawan_lrfhss_lwm2m_nonip,feasible,end_to_end_application_latency_ms,hard_or_contextual_until_comparable_soft_evidence_exists,False,lrfhss_latency,MISSING,lorawan_lrfhss_energy_2024,,NOT_MATERIALISED,NO_CONTRACT,no_end_to_end_timing_source,MISSING,lrfhss_application_latency_source,capture_duration_is_not_application_latency,Obtain matched stack-level timing evidence only if latency is needed as a soft decision criterion.,MISSING,False,FROZEN
environmental_private_lorawan,lorawan_lrfhss_lwm2m_nonip,feasible,expected_device_energy_per_application_report_j,soft_candidate_for_first_decision_slice,True,lrfhss_report_energy,BRIDGEABLE,lorawan_lrfhss_energy_2024,radio_incremental_transaction_energy_j,NOT_MATERIALISED,NO_CONTRACT,explicit_single_trace_epistemic_gap_plus_unweighted_variant_robustness,PROFILE_UNRESOLVED,lrfhss_whole_device_report_energy_bridge,radio_only_boundary|generic_deployment_variant_unidentified|whole_device_residual_energy_unidentified,Preserve the Stage-5D unweighted variant family; activate a whole-device bridge only with deployment/profile evidence and explicit residual-energy treatment.,PROFILE_UNRESOLVED,False,FROZEN
environmental_private_lorawan,lorawan_lrfhss_lwm2m_nonip,feasible,feasible_link_probability,hard_or_contextual_until_scenario_link_model_is_identified,False,generic_coverage_missing,MISSING,,,NOT_MATERIALISED,NO_CONTRACT,no_scenario_link_source,MISSING,non_lora_scenario_link_probability_source,core_four_contains_no_candidate_aligned_scenario_coverage_model,Keep site/service availability in hard feasibility for the first decision slice; add technology-specific field/link models only if probabilistic coverage becomes decision-critical.,MISSING,False,FROZEN
environmental_private_lorawan,lorawan_lrfhss_lwm2m_nonip,feasible,lifecycle_cost_eur,soft_candidate_for_first_decision_slice,True,lifecycle_cost_all_candidates,MISSING,,,NOT_MATERIALISED,NO_CONTRACT,no_cost_evidence_contract,MISSING,lifecycle_cost_model,ownership_boundary_not_frozen|cost_horizon_not_frozen|hardware_infrastructure_subscription_maintenance_evidence_missing,Define a dated lifecycle-cost contract and source-backed low/reference/high cost evidence; keep smoke-test costs out of publication analysis.,MISSING,False,FROZEN
industrial_private_ipv6_low_latency,thread_coap_dtls_lwm2m,unresolved,delivery_probability,optional_soft_only_when_attempt_denominator_is_identified,False,generic_delivery_missing,MISSING,,,PARTIAL,NO_CONTRACT,no_attempt_outcome_source,MISSING,non_lora_delivery_probability_source,core_four_contains_no_attempt_denominator_for_candidate,Add candidate-specific attempted-transmission outcome evidence only if delivery probability is retained as a soft criterion.,MISSING,False,FROZEN
industrial_private_ipv6_low_latency,thread_coap_dtls_lwm2m,unresolved,end_to_end_application_latency_ms,hard_or_contextual_until_comparable_soft_evidence_exists,False,thread_latency,MISSING,insectt_wsn_power_2023,,PARTIAL,contract_defined_blocked,no_end_to_end_timing_source,MISSING,thread_stack_latency_source_or_model,insectt_power_trace_not_latency_evidence|stage5a_thread_latency_bridge_blocked,Add matched end-to-end Thread+DTLS+CoAP+LwM2M latency evidence/model under the frozen industrial operating profile.,MISSING,False,FROZEN
industrial_private_ipv6_low_latency,thread_coap_dtls_lwm2m,unresolved,expected_device_energy_per_application_report_j,soft_candidate_for_first_decision_slice,True,thread_report_energy,BRIDGEABLE,insectt_wsn_power_2023,derived_capture_energy_j|trace_charge_c,PARTIAL,NO_CONTRACT,explicit_single_trace_epistemic_gap_shared_voltage_lineage,PROFILE_UNRESOLVED,thread_report_energy_bridge,repeated_capture_to_report_bridge_not_materialised|upper_stack_overhead_not_isolated|single_trace_population_variability_unidentified,Define a matched Thread reporting profile and convert the repeated-workload capture to per-report energy without inventing population variance.,PROFILE_UNRESOLVED,False,FROZEN
industrial_private_ipv6_low_latency,thread_coap_dtls_lwm2m,unresolved,feasible_link_probability,hard_or_contextual_until_scenario_link_model_is_identified,False,generic_coverage_missing,MISSING,,,PARTIAL,NO_CONTRACT,no_scenario_link_source,MISSING,non_lora_scenario_link_probability_source,core_four_contains_no_candidate_aligned_scenario_coverage_model,Keep site/service availability in hard feasibility for the first decision slice; add technology-specific field/link models only if probabilistic coverage becomes decision-critical.,MISSING,False,FROZEN
industrial_private_ipv6_low_latency,thread_coap_dtls_lwm2m,unresolved,lifecycle_cost_eur,soft_candidate_for_first_decision_slice,True,lifecycle_cost_all_candidates,MISSING,,,PARTIAL,NO_CONTRACT,no_cost_evidence_contract,MISSING,lifecycle_cost_model,ownership_boundary_not_frozen|cost_horizon_not_frozen|hardware_infrastructure_subscription_maintenance_evidence_missing,Define a dated lifecycle-cost contract and source-backed low/reference/high cost evidence; keep smoke-test costs out of publication analysis.,MISSING,False,FROZEN
remote_agriculture_energy_budget,lorawan_lora_lwm2m_nonip,unresolved,delivery_probability,optional_soft_only_when_attempt_denominator_is_identified,False,classical_lora_delivery,CONDITIONAL_INPUT_ONLY,loed_lorawan_edge_2020,gateway_rssi_dbm|gateway_snr_db,PARTIAL,NO_CONTRACT,campaign_blocklength_robustness_not_delivery_probability,ROBUSTNESS_ONLY,lorawan_lora_delivery_attempt_denominator,attempted_transmission_denominator_absent|outcome_linked_delivery_model_absent|crc_fraction_prohibited_as_pdr,Add attempted-transmission outcomes or an externally validated outcome-linked LoRaWAN model; retain LoED only as conditional link evidence.,ROBUSTNESS_ONLY,False,FROZEN
remote_agriculture_energy_budget,lorawan_lora_lwm2m_nonip,unresolved,end_to_end_application_latency_ms,hard_or_contextual_until_comparable_soft_evidence_exists,False,classical_lora_latency,MISSING,loed_lorawan_edge_2020,,PARTIAL,NO_CONTRACT,no_end_to_end_timing_source,MISSING,lorawan_lora_application_latency_source,gateway_reception_timestamps_do_not_define_application_latency,Obtain application-to-application latency measurements/model under a frozen LoRaWAN profile if latency is used beyond hard feasibility.,MISSING,False,FROZEN
remote_agriculture_energy_budget,lorawan_lora_lwm2m_nonip,unresolved,expected_device_energy_per_application_report_j,soft_candidate_for_first_decision_slice,True,classical_lora_report_energy,MISSING,loed_lorawan_edge_2020,,PARTIAL,contract_defined_blocked,no_device_energy_source,MISSING,lorawan_lora_report_energy_source,loed_is_reception_side_only|no_classical_lora_device_energy_in_core_four,Add one matched whole-device classical-LoRa per-report energy source/model under an explicit LoRaWAN operating profile.,MISSING,False,FROZEN
remote_agriculture_energy_budget,lorawan_lora_lwm2m_nonip,unresolved,feasible_link_probability,hard_or_contextual_until_scenario_link_model_is_identified,False,classical_lora_coverage,CONDITIONAL_INPUT_ONLY,loed_lorawan_edge_2020,gateway_rssi_dbm|gateway_snr_db,PARTIAL,NO_CONTRACT,campaign_blocklength_robustness,ROBUSTNESS_ONLY,lorawan_lora_scenario_link_model,scenario_geometry_not_bound|technology_specific_link_threshold_model_not_materialised,Build a scenario-conditioned LoRaWAN link model only when geometry/deployment assumptions are explicit; do not normalize RSSI/SNR across RATs.,ROBUSTNESS_ONLY,False,FROZEN
remote_agriculture_energy_budget,lorawan_lora_lwm2m_nonip,unresolved,lifecycle_cost_eur,soft_candidate_for_first_decision_slice,True,lifecycle_cost_all_candidates,MISSING,,,PARTIAL,NO_CONTRACT,no_cost_evidence_contract,MISSING,lifecycle_cost_model,ownership_boundary_not_frozen|cost_horizon_not_frozen|hardware_infrastructure_subscription_maintenance_evidence_missing,Define a dated lifecycle-cost contract and source-backed low/reference/high cost evidence; keep smoke-test costs out of publication analysis.,MISSING,False,FROZEN
remote_agriculture_energy_budget,lorawan_lrfhss_lwm2m_nonip,unresolved,delivery_probability,optional_soft_only_when_attempt_denominator_is_identified,False,generic_delivery_missing,MISSING,,,PARTIAL,NO_CONTRACT,no_attempt_outcome_source,MISSING,non_lora_delivery_probability_source,core_four_contains_no_attempt_denominator_for_candidate,Add candidate-specific attempted-transmission outcome evidence only if delivery probability is retained as a soft criterion.,MISSING,False,FROZEN
remote_agriculture_energy_budget,lorawan_lrfhss_lwm2m_nonip,unresolved,end_to_end_application_latency_ms,hard_or_contextual_until_comparable_soft_evidence_exists,False,lrfhss_latency,MISSING,lorawan_lrfhss_energy_2024,,PARTIAL,NO_CONTRACT,no_end_to_end_timing_source,MISSING,lrfhss_application_latency_source,capture_duration_is_not_application_latency,Obtain matched stack-level timing evidence only if latency is needed as a soft decision criterion.,MISSING,False,FROZEN
remote_agriculture_energy_budget,lorawan_lrfhss_lwm2m_nonip,unresolved,expected_device_energy_per_application_report_j,soft_candidate_for_first_decision_slice,True,lrfhss_report_energy,BRIDGEABLE,lorawan_lrfhss_energy_2024,radio_incremental_transaction_energy_j,PARTIAL,contract_defined_blocked,explicit_single_trace_epistemic_gap_plus_unweighted_variant_robustness,PROFILE_UNRESOLVED,lrfhss_whole_device_report_energy_bridge,radio_only_boundary|generic_deployment_variant_unidentified|whole_device_residual_energy_unidentified,Preserve the Stage-5D unweighted variant family; activate a whole-device bridge only with deployment/profile evidence and explicit residual-energy treatment.,PROFILE_UNRESOLVED,False,FROZEN
remote_agriculture_energy_budget,lorawan_lrfhss_lwm2m_nonip,unresolved,feasible_link_probability,hard_or_contextual_until_scenario_link_model_is_identified,False,generic_coverage_missing,MISSING,,,PARTIAL,NO_CONTRACT,no_scenario_link_source,MISSING,non_lora_scenario_link_probability_source,core_four_contains_no_candidate_aligned_scenario_coverage_model,Keep site/service availability in hard feasibility for the first decision slice; add technology-specific field/link models only if probabilistic coverage becomes decision-critical.,MISSING,False,FROZEN
remote_agriculture_energy_budget,lorawan_lrfhss_lwm2m_nonip,unresolved,lifecycle_cost_eur,soft_candidate_for_first_decision_slice,True,lifecycle_cost_all_candidates,MISSING,,,PARTIAL,NO_CONTRACT,no_cost_evidence_contract,MISSING,lifecycle_cost_model,ownership_boundary_not_frozen|cost_horizon_not_frozen|hardware_infrastructure_subscription_maintenance_evidence_missing,Define a dated lifecycle-cost contract and source-backed low/reference/high cost evidence; keep smoke-test costs out of publication analysis.,MISSING,False,FROZEN
smart_meter_public_cellular,ltem_ip_coap_dtls_lwm2m,feasible,delivery_probability,optional_soft_only_when_attempt_denominator_is_identified,False,generic_delivery_missing,MISSING,,,NOT_MATERIALISED,NO_CONTRACT,no_attempt_outcome_source,MISSING,non_lora_delivery_probability_source,core_four_contains_no_attempt_denominator_for_candidate,Add candidate-specific attempted-transmission outcome evidence only if delivery probability is retained as a soft criterion.,MISSING,False,FROZEN
smart_meter_public_cellular,ltem_ip_coap_dtls_lwm2m,feasible,end_to_end_application_latency_ms,hard_or_contextual_until_comparable_soft_evidence_exists,False,cellular_ip_latency,BRIDGEABLE,vomhoff_nbiot_ltem_energy_2023,device_phase_duration_s,NOT_MATERIALISED,NO_CONTRACT,identified_conditional_within_study_nonparametric,PROFILE_UNRESOLVED,cellular_ip_application_latency_bridge,phase_to_application_endpoint_mapping_not_materialised|candidate_stack_not_identical_to_source_context,Define the application-to-application endpoint and validate a phase-composition timing bridge; do not call capture/phase duration end-to-end latency directly.,PROFILE_UNRESOLVED,False,FROZEN
smart_meter_public_cellular,ltem_ip_coap_dtls_lwm2m,feasible,expected_device_energy_per_application_report_j,soft_candidate_for_first_decision_slice,True,cellular_ip_report_energy,BRIDGEABLE,vomhoff_nbiot_ltem_energy_2023,device_phase_energy_j,NOT_MATERIALISED,NO_CONTRACT,identified_conditional_within_study_nonparametric,PROFILE_UNRESOLVED,cellular_ip_report_energy_bridge,scenario_report_profile_not_materialised|source_application_stack_not_identical_to_candidate|phase_to_report_accounting_bridge_not_materialised,Define scenario-specific cellular report profiles and validate phase-to-report composition while preserving Vomhoff physical-run joint bootstrap semantics.,PROFILE_UNRESOLVED,False,FROZEN
smart_meter_public_cellular,ltem_ip_coap_dtls_lwm2m,feasible,feasible_link_probability,hard_or_contextual_until_scenario_link_model_is_identified,False,generic_coverage_missing,MISSING,,,NOT_MATERIALISED,NO_CONTRACT,no_scenario_link_source,MISSING,non_lora_scenario_link_probability_source,core_four_contains_no_candidate_aligned_scenario_coverage_model,Keep site/service availability in hard feasibility for the first decision slice; add technology-specific field/link models only if probabilistic coverage becomes decision-critical.,MISSING,False,FROZEN
smart_meter_public_cellular,ltem_ip_coap_dtls_lwm2m,feasible,lifecycle_cost_eur,soft_candidate_for_first_decision_slice,True,lifecycle_cost_all_candidates,MISSING,,,NOT_MATERIALISED,NO_CONTRACT,no_cost_evidence_contract,MISSING,lifecycle_cost_model,ownership_boundary_not_frozen|cost_horizon_not_frozen|hardware_infrastructure_subscription_maintenance_evidence_missing,Define a dated lifecycle-cost contract and source-backed low/reference/high cost evidence; keep smoke-test costs out of publication analysis.,MISSING,False,FROZEN
smart_meter_public_cellular,ltem_ip_mqtt_tls_lwm2m,feasible,delivery_probability,optional_soft_only_when_attempt_denominator_is_identified,False,generic_delivery_missing,MISSING,,,NOT_MATERIALISED,NO_CONTRACT,no_attempt_outcome_source,MISSING,non_lora_delivery_probability_source,core_four_contains_no_attempt_denominator_for_candidate,Add candidate-specific attempted-transmission outcome evidence only if delivery probability is retained as a soft criterion.,MISSING,False,FROZEN
smart_meter_public_cellular,ltem_ip_mqtt_tls_lwm2m,feasible,end_to_end_application_latency_ms,hard_or_contextual_until_comparable_soft_evidence_exists,False,cellular_ip_latency,BRIDGEABLE,vomhoff_nbiot_ltem_energy_2023,device_phase_duration_s,NOT_MATERIALISED,NO_CONTRACT,identified_conditional_within_study_nonparametric,PROFILE_UNRESOLVED,cellular_ip_application_latency_bridge,phase_to_application_endpoint_mapping_not_materialised|candidate_stack_not_identical_to_source_context,Define the application-to-application endpoint and validate a phase-composition timing bridge; do not call capture/phase duration end-to-end latency directly.,PROFILE_UNRESOLVED,False,FROZEN
smart_meter_public_cellular,ltem_ip_mqtt_tls_lwm2m,feasible,expected_device_energy_per_application_report_j,soft_candidate_for_first_decision_slice,True,cellular_ip_report_energy,BRIDGEABLE,vomhoff_nbiot_ltem_energy_2023,device_phase_energy_j,NOT_MATERIALISED,NO_CONTRACT,identified_conditional_within_study_nonparametric,PROFILE_UNRESOLVED,cellular_ip_report_energy_bridge,scenario_report_profile_not_materialised|source_application_stack_not_identical_to_candidate|phase_to_report_accounting_bridge_not_materialised,Define scenario-specific cellular report profiles and validate phase-to-report composition while preserving Vomhoff physical-run joint bootstrap semantics.,PROFILE_UNRESOLVED,False,FROZEN
smart_meter_public_cellular,ltem_ip_mqtt_tls_lwm2m,feasible,feasible_link_probability,hard_or_contextual_until_scenario_link_model_is_identified,False,generic_coverage_missing,MISSING,,,NOT_MATERIALISED,NO_CONTRACT,no_scenario_link_source,MISSING,non_lora_scenario_link_probability_source,core_four_contains_no_candidate_aligned_scenario_coverage_model,Keep site/service availability in hard feasibility for the first decision slice; add technology-specific field/link models only if probabilistic coverage becomes decision-critical.,MISSING,False,FROZEN
smart_meter_public_cellular,ltem_ip_mqtt_tls_lwm2m,feasible,lifecycle_cost_eur,soft_candidate_for_first_decision_slice,True,lifecycle_cost_all_candidates,MISSING,,,NOT_MATERIALISED,NO_CONTRACT,no_cost_evidence_contract,MISSING,lifecycle_cost_model,ownership_boundary_not_frozen|cost_horizon_not_frozen|hardware_infrastructure_subscription_maintenance_evidence_missing,Define a dated lifecycle-cost contract and source-backed low/reference/high cost evidence; keep smoke-test costs out of publication analysis.,MISSING,False,FROZEN
smart_meter_public_cellular,ltem_nonip_lwm2m,feasible,delivery_probability,optional_soft_only_when_attempt_denominator_is_identified,False,generic_delivery_missing,MISSING,,,NOT_MATERIALISED,NO_CONTRACT,no_attempt_outcome_source,MISSING,non_lora_delivery_probability_source,core_four_contains_no_attempt_denominator_for_candidate,Add candidate-specific attempted-transmission outcome evidence only if delivery probability is retained as a soft criterion.,MISSING,False,FROZEN
smart_meter_public_cellular,ltem_nonip_lwm2m,feasible,end_to_end_application_latency_ms,hard_or_contextual_until_comparable_soft_evidence_exists,False,cellular_nonip_latency,INCOMPATIBLE,vomhoff_nbiot_ltem_energy_2023,device_phase_duration_s,NOT_MATERIALISED,NO_CONTRACT,no_candidate_aligned_empirical_source,INCOMPATIBLE,cellular_nonip_application_latency_source,vomhoff_ip_context_not_transferable_to_ciot_nonip,Obtain matched Non-IP end-to-end timing evidence or a separately validated transfer model.,INCOMPATIBLE,False,FROZEN
smart_meter_public_cellular,ltem_nonip_lwm2m,feasible,expected_device_energy_per_application_report_j,soft_candidate_for_first_decision_slice,True,cellular_nonip_report_energy,INCOMPATIBLE,vomhoff_nbiot_ltem_energy_2023,device_phase_energy_j,NOT_MATERIALISED,NO_CONTRACT,no_candidate_aligned_empirical_source,INCOMPATIBLE,cellular_nonip_report_energy_source,vomhoff_ip_context_not_transferable_to_ciot_nonip,Obtain matched Non-IP whole-device/report evidence or validate an explicit IP-to-Non-IP transfer model; do not reuse Vomhoff IP phases directly.,INCOMPATIBLE,False,FROZEN
smart_meter_public_cellular,ltem_nonip_lwm2m,feasible,feasible_link_probability,hard_or_contextual_until_scenario_link_model_is_identified,False,generic_coverage_missing,MISSING,,,NOT_MATERIALISED,NO_CONTRACT,no_scenario_link_source,MISSING,non_lora_scenario_link_probability_source,core_four_contains_no_candidate_aligned_scenario_coverage_model,Keep site/service availability in hard feasibility for the first decision slice; add technology-specific field/link models only if probabilistic coverage becomes decision-critical.,MISSING,False,FROZEN
smart_meter_public_cellular,ltem_nonip_lwm2m,feasible,lifecycle_cost_eur,soft_candidate_for_first_decision_slice,True,lifecycle_cost_all_candidates,MISSING,,,NOT_MATERIALISED,NO_CONTRACT,no_cost_evidence_contract,MISSING,lifecycle_cost_model,ownership_boundary_not_frozen|cost_horizon_not_frozen|hardware_infrastructure_subscription_maintenance_evidence_missing,Define a dated lifecycle-cost contract and source-backed low/reference/high cost evidence; keep smoke-test costs out of publication analysis.,MISSING,False,FROZEN
smart_meter_public_cellular,nbiot_ip_coap_dtls_lwm2m,feasible,delivery_probability,optional_soft_only_when_attempt_denominator_is_identified,False,generic_delivery_missing,MISSING,,,NOT_MATERIALISED,NO_CONTRACT,no_attempt_outcome_source,MISSING,non_lora_delivery_probability_source,core_four_contains_no_attempt_denominator_for_candidate,Add candidate-specific attempted-transmission outcome evidence only if delivery probability is retained as a soft criterion.,MISSING,False,FROZEN
smart_meter_public_cellular,nbiot_ip_coap_dtls_lwm2m,feasible,end_to_end_application_latency_ms,hard_or_contextual_until_comparable_soft_evidence_exists,False,cellular_ip_latency,BRIDGEABLE,vomhoff_nbiot_ltem_energy_2023,device_phase_duration_s,NOT_MATERIALISED,NO_CONTRACT,identified_conditional_within_study_nonparametric,PROFILE_UNRESOLVED,cellular_ip_application_latency_bridge,phase_to_application_endpoint_mapping_not_materialised|candidate_stack_not_identical_to_source_context,Define the application-to-application endpoint and validate a phase-composition timing bridge; do not call capture/phase duration end-to-end latency directly.,PROFILE_UNRESOLVED,False,FROZEN
smart_meter_public_cellular,nbiot_ip_coap_dtls_lwm2m,feasible,expected_device_energy_per_application_report_j,soft_candidate_for_first_decision_slice,True,cellular_ip_report_energy,BRIDGEABLE,vomhoff_nbiot_ltem_energy_2023,device_phase_energy_j,NOT_MATERIALISED,NO_CONTRACT,identified_conditional_within_study_nonparametric,PROFILE_UNRESOLVED,cellular_ip_report_energy_bridge,scenario_report_profile_not_materialised|source_application_stack_not_identical_to_candidate|phase_to_report_accounting_bridge_not_materialised,Define scenario-specific cellular report profiles and validate phase-to-report composition while preserving Vomhoff physical-run joint bootstrap semantics.,PROFILE_UNRESOLVED,False,FROZEN
smart_meter_public_cellular,nbiot_ip_coap_dtls_lwm2m,feasible,feasible_link_probability,hard_or_contextual_until_scenario_link_model_is_identified,False,generic_coverage_missing,MISSING,,,NOT_MATERIALISED,NO_CONTRACT,no_scenario_link_source,MISSING,non_lora_scenario_link_probability_source,core_four_contains_no_candidate_aligned_scenario_coverage_model,Keep site/service availability in hard feasibility for the first decision slice; add technology-specific field/link models only if probabilistic coverage becomes decision-critical.,MISSING,False,FROZEN
smart_meter_public_cellular,nbiot_ip_coap_dtls_lwm2m,feasible,lifecycle_cost_eur,soft_candidate_for_first_decision_slice,True,lifecycle_cost_all_candidates,MISSING,,,NOT_MATERIALISED,NO_CONTRACT,no_cost_evidence_contract,MISSING,lifecycle_cost_model,ownership_boundary_not_frozen|cost_horizon_not_frozen|hardware_infrastructure_subscription_maintenance_evidence_missing,Define a dated lifecycle-cost contract and source-backed low/reference/high cost evidence; keep smoke-test costs out of publication analysis.,MISSING,False,FROZEN
smart_meter_public_cellular,nbiot_ip_mqtt_tls_lwm2m,feasible,delivery_probability,optional_soft_only_when_attempt_denominator_is_identified,False,generic_delivery_missing,MISSING,,,NOT_MATERIALISED,NO_CONTRACT,no_attempt_outcome_source,MISSING,non_lora_delivery_probability_source,core_four_contains_no_attempt_denominator_for_candidate,Add candidate-specific attempted-transmission outcome evidence only if delivery probability is retained as a soft criterion.,MISSING,False,FROZEN
smart_meter_public_cellular,nbiot_ip_mqtt_tls_lwm2m,feasible,end_to_end_application_latency_ms,hard_or_contextual_until_comparable_soft_evidence_exists,False,cellular_ip_latency,BRIDGEABLE,vomhoff_nbiot_ltem_energy_2023,device_phase_duration_s,NOT_MATERIALISED,NO_CONTRACT,identified_conditional_within_study_nonparametric,PROFILE_UNRESOLVED,cellular_ip_application_latency_bridge,phase_to_application_endpoint_mapping_not_materialised|candidate_stack_not_identical_to_source_context,Define the application-to-application endpoint and validate a phase-composition timing bridge; do not call capture/phase duration end-to-end latency directly.,PROFILE_UNRESOLVED,False,FROZEN
smart_meter_public_cellular,nbiot_ip_mqtt_tls_lwm2m,feasible,expected_device_energy_per_application_report_j,soft_candidate_for_first_decision_slice,True,cellular_ip_report_energy,BRIDGEABLE,vomhoff_nbiot_ltem_energy_2023,device_phase_energy_j,NOT_MATERIALISED,NO_CONTRACT,identified_conditional_within_study_nonparametric,PROFILE_UNRESOLVED,cellular_ip_report_energy_bridge,scenario_report_profile_not_materialised|source_application_stack_not_identical_to_candidate|phase_to_report_accounting_bridge_not_materialised,Define scenario-specific cellular report profiles and validate phase-to-report composition while preserving Vomhoff physical-run joint bootstrap semantics.,PROFILE_UNRESOLVED,False,FROZEN
smart_meter_public_cellular,nbiot_ip_mqtt_tls_lwm2m,feasible,feasible_link_probability,hard_or_contextual_until_scenario_link_model_is_identified,False,generic_coverage_missing,MISSING,,,NOT_MATERIALISED,NO_CONTRACT,no_scenario_link_source,MISSING,non_lora_scenario_link_probability_source,core_four_contains_no_candidate_aligned_scenario_coverage_model,Keep site/service availability in hard feasibility for the first decision slice; add technology-specific field/link models only if probabilistic coverage becomes decision-critical.,MISSING,False,FROZEN
smart_meter_public_cellular,nbiot_ip_mqtt_tls_lwm2m,feasible,lifecycle_cost_eur,soft_candidate_for_first_decision_slice,True,lifecycle_cost_all_candidates,MISSING,,,NOT_MATERIALISED,NO_CONTRACT,no_cost_evidence_contract,MISSING,lifecycle_cost_model,ownership_boundary_not_frozen|cost_horizon_not_frozen|hardware_infrastructure_subscription_maintenance_evidence_missing,Define a dated lifecycle-cost contract and source-backed low/reference/high cost evidence; keep smoke-test costs out of publication analysis.,MISSING,False,FROZEN
smart_meter_public_cellular,nbiot_nonip_lwm2m,feasible,delivery_probability,optional_soft_only_when_attempt_denominator_is_identified,False,generic_delivery_missing,MISSING,,,NOT_MATERIALISED,NO_CONTRACT,no_attempt_outcome_source,MISSING,non_lora_delivery_probability_source,core_four_contains_no_attempt_denominator_for_candidate,Add candidate-specific attempted-transmission outcome evidence only if delivery probability is retained as a soft criterion.,MISSING,False,FROZEN
smart_meter_public_cellular,nbiot_nonip_lwm2m,feasible,end_to_end_application_latency_ms,hard_or_contextual_until_comparable_soft_evidence_exists,False,cellular_nonip_latency,INCOMPATIBLE,vomhoff_nbiot_ltem_energy_2023,device_phase_duration_s,NOT_MATERIALISED,NO_CONTRACT,no_candidate_aligned_empirical_source,INCOMPATIBLE,cellular_nonip_application_latency_source,vomhoff_ip_context_not_transferable_to_ciot_nonip,Obtain matched Non-IP end-to-end timing evidence or a separately validated transfer model.,INCOMPATIBLE,False,FROZEN
smart_meter_public_cellular,nbiot_nonip_lwm2m,feasible,expected_device_energy_per_application_report_j,soft_candidate_for_first_decision_slice,True,cellular_nonip_report_energy,INCOMPATIBLE,vomhoff_nbiot_ltem_energy_2023,device_phase_energy_j,NOT_MATERIALISED,NO_CONTRACT,no_candidate_aligned_empirical_source,INCOMPATIBLE,cellular_nonip_report_energy_source,vomhoff_ip_context_not_transferable_to_ciot_nonip,Obtain matched Non-IP whole-device/report evidence or validate an explicit IP-to-Non-IP transfer model; do not reuse Vomhoff IP phases directly.,INCOMPATIBLE,False,FROZEN
smart_meter_public_cellular,nbiot_nonip_lwm2m,feasible,feasible_link_probability,hard_or_contextual_until_scenario_link_model_is_identified,False,generic_coverage_missing,MISSING,,,NOT_MATERIALISED,NO_CONTRACT,no_scenario_link_source,MISSING,non_lora_scenario_link_probability_source,core_four_contains_no_candidate_aligned_scenario_coverage_model,Keep site/service availability in hard feasibility for the first decision slice; add technology-specific field/link models only if probabilistic coverage becomes decision-critical.,MISSING,False,FROZEN
smart_meter_public_cellular,nbiot_nonip_lwm2m,feasible,lifecycle_cost_eur,soft_candidate_for_first_decision_slice,True,lifecycle_cost_all_candidates,MISSING,,,NOT_MATERIALISED,NO_CONTRACT,no_cost_evidence_contract,MISSING,lifecycle_cost_model,ownership_boundary_not_frozen|cost_horizon_not_frozen|hardware_infrastructure_subscription_maintenance_evidence_missing,Define a dated lifecycle-cost contract and source-backed low/reference/high cost evidence; keep smoke-test costs out of publication analysis.,MISSING,False,FROZEN
urban_nonip_dual_access,lorawan_lora_lwm2m_nonip,feasible,delivery_probability,optional_soft_only_when_attempt_denominator_is_identified,False,classical_lora_delivery,CONDITIONAL_INPUT_ONLY,loed_lorawan_edge_2020,gateway_rssi_dbm|gateway_snr_db,NOT_MATERIALISED,NO_CONTRACT,campaign_blocklength_robustness_not_delivery_probability,ROBUSTNESS_ONLY,lorawan_lora_delivery_attempt_denominator,attempted_transmission_denominator_absent|outcome_linked_delivery_model_absent|crc_fraction_prohibited_as_pdr,Add attempted-transmission outcomes or an externally validated outcome-linked LoRaWAN model; retain LoED only as conditional link evidence.,ROBUSTNESS_ONLY,False,FROZEN
urban_nonip_dual_access,lorawan_lora_lwm2m_nonip,feasible,end_to_end_application_latency_ms,hard_or_contextual_until_comparable_soft_evidence_exists,False,classical_lora_latency,MISSING,loed_lorawan_edge_2020,,NOT_MATERIALISED,NO_CONTRACT,no_end_to_end_timing_source,MISSING,lorawan_lora_application_latency_source,gateway_reception_timestamps_do_not_define_application_latency,Obtain application-to-application latency measurements/model under a frozen LoRaWAN profile if latency is used beyond hard feasibility.,MISSING,False,FROZEN
urban_nonip_dual_access,lorawan_lora_lwm2m_nonip,feasible,expected_device_energy_per_application_report_j,soft_candidate_for_first_decision_slice,True,classical_lora_report_energy,MISSING,loed_lorawan_edge_2020,,NOT_MATERIALISED,NO_CONTRACT,no_device_energy_source,MISSING,lorawan_lora_report_energy_source,loed_is_reception_side_only|no_classical_lora_device_energy_in_core_four,Add one matched whole-device classical-LoRa per-report energy source/model under an explicit LoRaWAN operating profile.,MISSING,False,FROZEN
urban_nonip_dual_access,lorawan_lora_lwm2m_nonip,feasible,feasible_link_probability,hard_or_contextual_until_scenario_link_model_is_identified,False,classical_lora_coverage,CONDITIONAL_INPUT_ONLY,loed_lorawan_edge_2020,gateway_rssi_dbm|gateway_snr_db,NOT_MATERIALISED,NO_CONTRACT,campaign_blocklength_robustness,ROBUSTNESS_ONLY,lorawan_lora_scenario_link_model,scenario_geometry_not_bound|technology_specific_link_threshold_model_not_materialised,Build a scenario-conditioned LoRaWAN link model only when geometry/deployment assumptions are explicit; do not normalize RSSI/SNR across RATs.,ROBUSTNESS_ONLY,False,FROZEN
urban_nonip_dual_access,lorawan_lora_lwm2m_nonip,feasible,lifecycle_cost_eur,soft_candidate_for_first_decision_slice,True,lifecycle_cost_all_candidates,MISSING,,,NOT_MATERIALISED,NO_CONTRACT,no_cost_evidence_contract,MISSING,lifecycle_cost_model,ownership_boundary_not_frozen|cost_horizon_not_frozen|hardware_infrastructure_subscription_maintenance_evidence_missing,Define a dated lifecycle-cost contract and source-backed low/reference/high cost evidence; keep smoke-test costs out of publication analysis.,MISSING,False,FROZEN
urban_nonip_dual_access,lorawan_lrfhss_lwm2m_nonip,feasible,delivery_probability,optional_soft_only_when_attempt_denominator_is_identified,False,generic_delivery_missing,MISSING,,,NOT_MATERIALISED,NO_CONTRACT,no_attempt_outcome_source,MISSING,non_lora_delivery_probability_source,core_four_contains_no_attempt_denominator_for_candidate,Add candidate-specific attempted-transmission outcome evidence only if delivery probability is retained as a soft criterion.,MISSING,False,FROZEN
urban_nonip_dual_access,lorawan_lrfhss_lwm2m_nonip,feasible,end_to_end_application_latency_ms,hard_or_contextual_until_comparable_soft_evidence_exists,False,lrfhss_latency,MISSING,lorawan_lrfhss_energy_2024,,NOT_MATERIALISED,NO_CONTRACT,no_end_to_end_timing_source,MISSING,lrfhss_application_latency_source,capture_duration_is_not_application_latency,Obtain matched stack-level timing evidence only if latency is needed as a soft decision criterion.,MISSING,False,FROZEN
urban_nonip_dual_access,lorawan_lrfhss_lwm2m_nonip,feasible,expected_device_energy_per_application_report_j,soft_candidate_for_first_decision_slice,True,lrfhss_report_energy,BRIDGEABLE,lorawan_lrfhss_energy_2024,radio_incremental_transaction_energy_j,NOT_MATERIALISED,NO_CONTRACT,explicit_single_trace_epistemic_gap_plus_unweighted_variant_robustness,PROFILE_UNRESOLVED,lrfhss_whole_device_report_energy_bridge,radio_only_boundary|generic_deployment_variant_unidentified|whole_device_residual_energy_unidentified,Preserve the Stage-5D unweighted variant family; activate a whole-device bridge only with deployment/profile evidence and explicit residual-energy treatment.,PROFILE_UNRESOLVED,False,FROZEN
urban_nonip_dual_access,lorawan_lrfhss_lwm2m_nonip,feasible,feasible_link_probability,hard_or_contextual_until_scenario_link_model_is_identified,False,generic_coverage_missing,MISSING,,,NOT_MATERIALISED,NO_CONTRACT,no_scenario_link_source,MISSING,non_lora_scenario_link_probability_source,core_four_contains_no_candidate_aligned_scenario_coverage_model,Keep site/service availability in hard feasibility for the first decision slice; add technology-specific field/link models only if probabilistic coverage becomes decision-critical.,MISSING,False,FROZEN
urban_nonip_dual_access,lorawan_lrfhss_lwm2m_nonip,feasible,lifecycle_cost_eur,soft_candidate_for_first_decision_slice,True,lifecycle_cost_all_candidates,MISSING,,,NOT_MATERIALISED,NO_CONTRACT,no_cost_evidence_contract,MISSING,lifecycle_cost_model,ownership_boundary_not_frozen|cost_horizon_not_frozen|hardware_infrastructure_subscription_maintenance_evidence_missing,Define a dated lifecycle-cost contract and source-backed low/reference/high cost evidence; keep smoke-test costs out of publication analysis.,MISSING,False,FROZEN
urban_nonip_dual_access,ltem_nonip_lwm2m,feasible,delivery_probability,optional_soft_only_when_attempt_denominator_is_identified,False,generic_delivery_missing,MISSING,,,NOT_MATERIALISED,NO_CONTRACT,no_attempt_outcome_source,MISSING,non_lora_delivery_probability_source,core_four_contains_no_attempt_denominator_for_candidate,Add candidate-specific attempted-transmission outcome evidence only if delivery probability is retained as a soft criterion.,MISSING,False,FROZEN
urban_nonip_dual_access,ltem_nonip_lwm2m,feasible,end_to_end_application_latency_ms,hard_or_contextual_until_comparable_soft_evidence_exists,False,cellular_nonip_latency,INCOMPATIBLE,vomhoff_nbiot_ltem_energy_2023,device_phase_duration_s,NOT_MATERIALISED,NO_CONTRACT,no_candidate_aligned_empirical_source,INCOMPATIBLE,cellular_nonip_application_latency_source,vomhoff_ip_context_not_transferable_to_ciot_nonip,Obtain matched Non-IP end-to-end timing evidence or a separately validated transfer model.,INCOMPATIBLE,False,FROZEN
urban_nonip_dual_access,ltem_nonip_lwm2m,feasible,expected_device_energy_per_application_report_j,soft_candidate_for_first_decision_slice,True,cellular_nonip_report_energy,INCOMPATIBLE,vomhoff_nbiot_ltem_energy_2023,device_phase_energy_j,NOT_MATERIALISED,NO_CONTRACT,no_candidate_aligned_empirical_source,INCOMPATIBLE,cellular_nonip_report_energy_source,vomhoff_ip_context_not_transferable_to_ciot_nonip,Obtain matched Non-IP whole-device/report evidence or validate an explicit IP-to-Non-IP transfer model; do not reuse Vomhoff IP phases directly.,INCOMPATIBLE,False,FROZEN
urban_nonip_dual_access,ltem_nonip_lwm2m,feasible,feasible_link_probability,hard_or_contextual_until_scenario_link_model_is_identified,False,generic_coverage_missing,MISSING,,,NOT_MATERIALISED,NO_CONTRACT,no_scenario_link_source,MISSING,non_lora_scenario_link_probability_source,core_four_contains_no_candidate_aligned_scenario_coverage_model,Keep site/service availability in hard feasibility for the first decision slice; add technology-specific field/link models only if probabilistic coverage becomes decision-critical.,MISSING,False,FROZEN
urban_nonip_dual_access,ltem_nonip_lwm2m,feasible,lifecycle_cost_eur,soft_candidate_for_first_decision_slice,True,lifecycle_cost_all_candidates,MISSING,,,NOT_MATERIALISED,NO_CONTRACT,no_cost_evidence_contract,MISSING,lifecycle_cost_model,ownership_boundary_not_frozen|cost_horizon_not_frozen|hardware_infrastructure_subscription_maintenance_evidence_missing,Define a dated lifecycle-cost contract and source-backed low/reference/high cost evidence; keep smoke-test costs out of publication analysis.,MISSING,False,FROZEN
urban_nonip_dual_access,nbiot_nonip_lwm2m,feasible,delivery_probability,optional_soft_only_when_attempt_denominator_is_identified,False,generic_delivery_missing,MISSING,,,NOT_MATERIALISED,NO_CONTRACT,no_attempt_outcome_source,MISSING,non_lora_delivery_probability_source,core_four_contains_no_attempt_denominator_for_candidate,Add candidate-specific attempted-transmission outcome evidence only if delivery probability is retained as a soft criterion.,MISSING,False,FROZEN
urban_nonip_dual_access,nbiot_nonip_lwm2m,feasible,end_to_end_application_latency_ms,hard_or_contextual_until_comparable_soft_evidence_exists,False,cellular_nonip_latency,INCOMPATIBLE,vomhoff_nbiot_ltem_energy_2023,device_phase_duration_s,NOT_MATERIALISED,NO_CONTRACT,no_candidate_aligned_empirical_source,INCOMPATIBLE,cellular_nonip_application_latency_source,vomhoff_ip_context_not_transferable_to_ciot_nonip,Obtain matched Non-IP end-to-end timing evidence or a separately validated transfer model.,INCOMPATIBLE,False,FROZEN
urban_nonip_dual_access,nbiot_nonip_lwm2m,feasible,expected_device_energy_per_application_report_j,soft_candidate_for_first_decision_slice,True,cellular_nonip_report_energy,INCOMPATIBLE,vomhoff_nbiot_ltem_energy_2023,device_phase_energy_j,NOT_MATERIALISED,NO_CONTRACT,no_candidate_aligned_empirical_source,INCOMPATIBLE,cellular_nonip_report_energy_source,vomhoff_ip_context_not_transferable_to_ciot_nonip,Obtain matched Non-IP whole-device/report evidence or validate an explicit IP-to-Non-IP transfer model; do not reuse Vomhoff IP phases directly.,INCOMPATIBLE,False,FROZEN
urban_nonip_dual_access,nbiot_nonip_lwm2m,feasible,feasible_link_probability,hard_or_contextual_until_scenario_link_model_is_identified,False,generic_coverage_missing,MISSING,,,NOT_MATERIALISED,NO_CONTRACT,no_scenario_link_source,MISSING,non_lora_scenario_link_probability_source,core_four_contains_no_candidate_aligned_scenario_coverage_model,Keep site/service availability in hard feasibility for the first decision slice; add technology-specific field/link models only if probabilistic coverage becomes decision-critical.,MISSING,False,FROZEN
urban_nonip_dual_access,nbiot_nonip_lwm2m,feasible,lifecycle_cost_eur,soft_candidate_for_first_decision_slice,True,lifecycle_cost_all_candidates,MISSING,,,NOT_MATERIALISED,NO_CONTRACT,no_cost_evidence_contract,MISSING,lifecycle_cost_model,ownership_boundary_not_frozen|cost_horizon_not_frozen|hardware_infrastructure_subscription_maintenance_evidence_missing,Define a dated lifecycle-cost contract and source-backed low/reference/high cost evidence; keep smoke-test costs out of publication analysis.,MISSING,False,FROZEN
asset_tracking_connected_handover,ltem_ip_coap_dtls_lwm2m,feasible,delivery_probability,optional_soft_only_when_attempt_denominator_is_identified,False,generic_delivery_missing,MISSING,,,NOT_MATERIALISED,NO_CONTRACT,no_attempt_outcome_source,MISSING,non_lora_delivery_probability_source,core_four_contains_no_attempt_denominator_for_candidate,Add candidate-specific attempted-transmission outcome evidence only if delivery probability is retained as a soft criterion.,MISSING,False,MAJORITY_SUBSTITUTION
asset_tracking_connected_handover,ltem_ip_coap_dtls_lwm2m,feasible,end_to_end_application_latency_ms,hard_or_contextual_until_comparable_soft_evidence_exists,False,cellular_ip_latency,BRIDGEABLE,vomhoff_nbiot_ltem_energy_2023,device_phase_duration_s,NOT_MATERIALISED,NO_CONTRACT,identified_conditional_within_study_nonparametric,PROFILE_UNRESOLVED,cellular_ip_application_latency_bridge,phase_to_application_endpoint_mapping_not_materialised|candidate_stack_not_identical_to_source_context,Define the application-to-application endpoint and validate a phase-composition timing bridge; do not call capture/phase duration end-to-end latency directly.,PROFILE_UNRESOLVED,False,MAJORITY_SUBSTITUTION
asset_tracking_connected_handover,ltem_ip_coap_dtls_lwm2m,feasible,expected_device_energy_per_application_report_j,soft_candidate_for_first_decision_slice,True,cellular_ip_report_energy,BRIDGEABLE,vomhoff_nbiot_ltem_energy_2023,device_phase_energy_j,NOT_MATERIALISED,NO_CONTRACT,identified_conditional_within_study_nonparametric,PROFILE_UNRESOLVED,cellular_ip_report_energy_bridge,scenario_report_profile_not_materialised|source_application_stack_not_identical_to_candidate|phase_to_report_accounting_bridge_not_materialised,Define scenario-specific cellular report profiles and validate phase-to-report composition while preserving Vomhoff physical-run joint bootstrap semantics.,PROFILE_UNRESOLVED,False,MAJORITY_SUBSTITUTION
asset_tracking_connected_handover,ltem_ip_coap_dtls_lwm2m,feasible,feasible_link_probability,hard_or_contextual_until_scenario_link_model_is_identified,False,generic_coverage_missing,MISSING,,,NOT_MATERIALISED,NO_CONTRACT,no_scenario_link_source,MISSING,non_lora_scenario_link_probability_source,core_four_contains_no_candidate_aligned_scenario_coverage_model,Keep site/service availability in hard feasibility for the first decision slice; add technology-specific field/link models only if probabilistic coverage becomes decision-critical.,MISSING,False,MAJORITY_SUBSTITUTION
asset_tracking_connected_handover,ltem_ip_coap_dtls_lwm2m,feasible,lifecycle_cost_eur,soft_candidate_for_first_decision_slice,True,lifecycle_cost_all_candidates,MISSING,,,NOT_MATERIALISED,NO_CONTRACT,no_cost_evidence_contract,MISSING,lifecycle_cost_model,ownership_boundary_not_frozen|cost_horizon_not_frozen|hardware_infrastructure_subscription_maintenance_evidence_missing,Define a dated lifecycle-cost contract and source-backed low/reference/high cost evidence; keep smoke-test costs out of publication analysis.,MISSING,False,MAJORITY_SUBSTITUTION
asset_tracking_connected_handover,ltem_ip_mqtt_tls_lwm2m,feasible,delivery_probability,optional_soft_only_when_attempt_denominator_is_identified,False,generic_delivery_missing,MISSING,,,NOT_MATERIALISED,NO_CONTRACT,no_attempt_outcome_source,MISSING,non_lora_delivery_probability_source,core_four_contains_no_attempt_denominator_for_candidate,Add candidate-specific attempted-transmission outcome evidence only if delivery probability is retained as a soft criterion.,MISSING,False,MAJORITY_SUBSTITUTION
asset_tracking_connected_handover,ltem_ip_mqtt_tls_lwm2m,feasible,end_to_end_application_latency_ms,hard_or_contextual_until_comparable_soft_evidence_exists,False,cellular_ip_latency,BRIDGEABLE,vomhoff_nbiot_ltem_energy_2023,device_phase_duration_s,NOT_MATERIALISED,NO_CONTRACT,identified_conditional_within_study_nonparametric,PROFILE_UNRESOLVED,cellular_ip_application_latency_bridge,phase_to_application_endpoint_mapping_not_materialised|candidate_stack_not_identical_to_source_context,Define the application-to-application endpoint and validate a phase-composition timing bridge; do not call capture/phase duration end-to-end latency directly.,PROFILE_UNRESOLVED,False,MAJORITY_SUBSTITUTION
asset_tracking_connected_handover,ltem_ip_mqtt_tls_lwm2m,feasible,expected_device_energy_per_application_report_j,soft_candidate_for_first_decision_slice,True,cellular_ip_report_energy,BRIDGEABLE,vomhoff_nbiot_ltem_energy_2023,device_phase_energy_j,NOT_MATERIALISED,NO_CONTRACT,identified_conditional_within_study_nonparametric,PROFILE_UNRESOLVED,cellular_ip_report_energy_bridge,scenario_report_profile_not_materialised|source_application_stack_not_identical_to_candidate|phase_to_report_accounting_bridge_not_materialised,Define scenario-specific cellular report profiles and validate phase-to-report composition while preserving Vomhoff physical-run joint bootstrap semantics.,PROFILE_UNRESOLVED,False,MAJORITY_SUBSTITUTION
asset_tracking_connected_handover,ltem_ip_mqtt_tls_lwm2m,feasible,feasible_link_probability,hard_or_contextual_until_scenario_link_model_is_identified,False,generic_coverage_missing,MISSING,,,NOT_MATERIALISED,NO_CONTRACT,no_scenario_link_source,MISSING,non_lora_scenario_link_probability_source,core_four_contains_no_candidate_aligned_scenario_coverage_model,Keep site/service availability in hard feasibility for the first decision slice; add technology-specific field/link models only if probabilistic coverage becomes decision-critical.,MISSING,False,MAJORITY_SUBSTITUTION
asset_tracking_connected_handover,ltem_ip_mqtt_tls_lwm2m,feasible,lifecycle_cost_eur,soft_candidate_for_first_decision_slice,True,lifecycle_cost_all_candidates,MISSING,,,NOT_MATERIALISED,NO_CONTRACT,no_cost_evidence_contract,MISSING,lifecycle_cost_model,ownership_boundary_not_frozen|cost_horizon_not_frozen|hardware_infrastructure_subscription_maintenance_evidence_missing,Define a dated lifecycle-cost contract and source-backed low/reference/high cost evidence; keep smoke-test costs out of publication analysis.,MISSING,False,MAJORITY_SUBSTITUTION
asset_tracking_connected_handover,ltem_nonip_lwm2m,feasible,delivery_probability,optional_soft_only_when_attempt_denominator_is_identified,False,generic_delivery_missing,MISSING,,,NOT_MATERIALISED,NO_CONTRACT,no_attempt_outcome_source,MISSING,non_lora_delivery_probability_source,core_four_contains_no_attempt_denominator_for_candidate,Add candidate-specific attempted-transmission outcome evidence only if delivery probability is retained as a soft criterion.,MISSING,False,MAJORITY_SUBSTITUTION
asset_tracking_connected_handover,ltem_nonip_lwm2m,feasible,end_to_end_application_latency_ms,hard_or_contextual_until_comparable_soft_evidence_exists,False,cellular_nonip_latency,INCOMPATIBLE,vomhoff_nbiot_ltem_energy_2023,device_phase_duration_s,NOT_MATERIALISED,NO_CONTRACT,no_candidate_aligned_empirical_source,INCOMPATIBLE,cellular_nonip_application_latency_source,vomhoff_ip_context_not_transferable_to_ciot_nonip,Obtain matched Non-IP end-to-end timing evidence or a separately validated transfer model.,INCOMPATIBLE,False,MAJORITY_SUBSTITUTION
asset_tracking_connected_handover,ltem_nonip_lwm2m,feasible,expected_device_energy_per_application_report_j,soft_candidate_for_first_decision_slice,True,cellular_nonip_report_energy,INCOMPATIBLE,vomhoff_nbiot_ltem_energy_2023,device_phase_energy_j,NOT_MATERIALISED,NO_CONTRACT,no_candidate_aligned_empirical_source,INCOMPATIBLE,cellular_nonip_report_energy_source,vomhoff_ip_context_not_transferable_to_ciot_nonip,Obtain matched Non-IP whole-device/report evidence or validate an explicit IP-to-Non-IP transfer model; do not reuse Vomhoff IP phases directly.,INCOMPATIBLE,False,MAJORITY_SUBSTITUTION
asset_tracking_connected_handover,ltem_nonip_lwm2m,feasible,feasible_link_probability,hard_or_contextual_until_scenario_link_model_is_identified,False,generic_coverage_missing,MISSING,,,NOT_MATERIALISED,NO_CONTRACT,no_scenario_link_source,MISSING,non_lora_scenario_link_probability_source,core_four_contains_no_candidate_aligned_scenario_coverage_model,Keep site/service availability in hard feasibility for the first decision slice; add technology-specific field/link models only if probabilistic coverage becomes decision-critical.,MISSING,False,MAJORITY_SUBSTITUTION
asset_tracking_connected_handover,ltem_nonip_lwm2m,feasible,lifecycle_cost_eur,soft_candidate_for_first_decision_slice,True,lifecycle_cost_all_candidates,MISSING,,,NOT_MATERIALISED,NO_CONTRACT,no_cost_evidence_contract,MISSING,lifecycle_cost_model,ownership_boundary_not_frozen|cost_horizon_not_frozen|hardware_infrastructure_subscription_maintenance_evidence_missing,Define a dated lifecycle-cost contract and source-backed low/reference/high cost evidence; keep smoke-test costs out of publication analysis.,MISSING,False,MAJORITY_SUBSTITUTION
asset_tracking_periodic_cross_cell,ltem_ip_coap_dtls_lwm2m,feasible,delivery_probability,optional_soft_only_when_attempt_denominator_is_identified,False,generic_delivery_missing,MISSING,,,NOT_MATERIALISED,NO_CONTRACT,no_attempt_outcome_source,MISSING,non_lora_delivery_probability_source,core_four_contains_no_attempt_denominator_for_candidate,Add candidate-specific attempted-transmission outcome evidence only if delivery probability is retained as a soft criterion.,MISSING,False,MAJORITY_SUBSTITUTION
asset_tracking_periodic_cross_cell,ltem_ip_coap_dtls_lwm2m,feasible,end_to_end_application_latency_ms,hard_or_contextual_until_comparable_soft_evidence_exists,False,cellular_ip_latency,BRIDGEABLE,vomhoff_nbiot_ltem_energy_2023,device_phase_duration_s,NOT_MATERIALISED,NO_CONTRACT,identified_conditional_within_study_nonparametric,PROFILE_UNRESOLVED,cellular_ip_application_latency_bridge,phase_to_application_endpoint_mapping_not_materialised|candidate_stack_not_identical_to_source_context,Define the application-to-application endpoint and validate a phase-composition timing bridge; do not call capture/phase duration end-to-end latency directly.,PROFILE_UNRESOLVED,False,MAJORITY_SUBSTITUTION
asset_tracking_periodic_cross_cell,ltem_ip_coap_dtls_lwm2m,feasible,expected_device_energy_per_application_report_j,soft_candidate_for_first_decision_slice,True,cellular_ip_report_energy,BRIDGEABLE,vomhoff_nbiot_ltem_energy_2023,device_phase_energy_j,NOT_MATERIALISED,NO_CONTRACT,identified_conditional_within_study_nonparametric,PROFILE_UNRESOLVED,cellular_ip_report_energy_bridge,scenario_report_profile_not_materialised|source_application_stack_not_identical_to_candidate|phase_to_report_accounting_bridge_not_materialised,Define scenario-specific cellular report profiles and validate phase-to-report composition while preserving Vomhoff physical-run joint bootstrap semantics.,PROFILE_UNRESOLVED,False,MAJORITY_SUBSTITUTION
asset_tracking_periodic_cross_cell,ltem_ip_coap_dtls_lwm2m,feasible,feasible_link_probability,hard_or_contextual_until_scenario_link_model_is_identified,False,generic_coverage_missing,MISSING,,,NOT_MATERIALISED,NO_CONTRACT,no_scenario_link_source,MISSING,non_lora_scenario_link_probability_source,core_four_contains_no_candidate_aligned_scenario_coverage_model,Keep site/service availability in hard feasibility for the first decision slice; add technology-specific field/link models only if probabilistic coverage becomes decision-critical.,MISSING,False,MAJORITY_SUBSTITUTION
asset_tracking_periodic_cross_cell,ltem_ip_coap_dtls_lwm2m,feasible,lifecycle_cost_eur,soft_candidate_for_first_decision_slice,True,lifecycle_cost_all_candidates,MISSING,,,NOT_MATERIALISED,NO_CONTRACT,no_cost_evidence_contract,MISSING,lifecycle_cost_model,ownership_boundary_not_frozen|cost_horizon_not_frozen|hardware_infrastructure_subscription_maintenance_evidence_missing,Define a dated lifecycle-cost contract and source-backed low/reference/high cost evidence; keep smoke-test costs out of publication analysis.,MISSING,False,MAJORITY_SUBSTITUTION
asset_tracking_periodic_cross_cell,ltem_ip_mqtt_tls_lwm2m,feasible,delivery_probability,optional_soft_only_when_attempt_denominator_is_identified,False,generic_delivery_missing,MISSING,,,NOT_MATERIALISED,NO_CONTRACT,no_attempt_outcome_source,MISSING,non_lora_delivery_probability_source,core_four_contains_no_attempt_denominator_for_candidate,Add candidate-specific attempted-transmission outcome evidence only if delivery probability is retained as a soft criterion.,MISSING,False,MAJORITY_SUBSTITUTION
asset_tracking_periodic_cross_cell,ltem_ip_mqtt_tls_lwm2m,feasible,end_to_end_application_latency_ms,hard_or_contextual_until_comparable_soft_evidence_exists,False,cellular_ip_latency,BRIDGEABLE,vomhoff_nbiot_ltem_energy_2023,device_phase_duration_s,NOT_MATERIALISED,NO_CONTRACT,identified_conditional_within_study_nonparametric,PROFILE_UNRESOLVED,cellular_ip_application_latency_bridge,phase_to_application_endpoint_mapping_not_materialised|candidate_stack_not_identical_to_source_context,Define the application-to-application endpoint and validate a phase-composition timing bridge; do not call capture/phase duration end-to-end latency directly.,PROFILE_UNRESOLVED,False,MAJORITY_SUBSTITUTION
asset_tracking_periodic_cross_cell,ltem_ip_mqtt_tls_lwm2m,feasible,expected_device_energy_per_application_report_j,soft_candidate_for_first_decision_slice,True,cellular_ip_report_energy,BRIDGEABLE,vomhoff_nbiot_ltem_energy_2023,device_phase_energy_j,NOT_MATERIALISED,NO_CONTRACT,identified_conditional_within_study_nonparametric,PROFILE_UNRESOLVED,cellular_ip_report_energy_bridge,scenario_report_profile_not_materialised|source_application_stack_not_identical_to_candidate|phase_to_report_accounting_bridge_not_materialised,Define scenario-specific cellular report profiles and validate phase-to-report composition while preserving Vomhoff physical-run joint bootstrap semantics.,PROFILE_UNRESOLVED,False,MAJORITY_SUBSTITUTION
asset_tracking_periodic_cross_cell,ltem_ip_mqtt_tls_lwm2m,feasible,feasible_link_probability,hard_or_contextual_until_scenario_link_model_is_identified,False,generic_coverage_missing,MISSING,,,NOT_MATERIALISED,NO_CONTRACT,no_scenario_link_source,MISSING,non_lora_scenario_link_probability_source,core_four_contains_no_candidate_aligned_scenario_coverage_model,Keep site/service availability in hard feasibility for the first decision slice; add technology-specific field/link models only if probabilistic coverage becomes decision-critical.,MISSING,False,MAJORITY_SUBSTITUTION
asset_tracking_periodic_cross_cell,ltem_ip_mqtt_tls_lwm2m,feasible,lifecycle_cost_eur,soft_candidate_for_first_decision_slice,True,lifecycle_cost_all_candidates,MISSING,,,NOT_MATERIALISED,NO_CONTRACT,no_cost_evidence_contract,MISSING,lifecycle_cost_model,ownership_boundary_not_frozen|cost_horizon_not_frozen|hardware_infrastructure_subscription_maintenance_evidence_missing,Define a dated lifecycle-cost contract and source-backed low/reference/high cost evidence; keep smoke-test costs out of publication analysis.,MISSING,False,MAJORITY_SUBSTITUTION
asset_tracking_periodic_cross_cell,ltem_nonip_lwm2m,feasible,delivery_probability,optional_soft_only_when_attempt_denominator_is_identified,False,generic_delivery_missing,MISSING,,,NOT_MATERIALISED,NO_CONTRACT,no_attempt_outcome_source,MISSING,non_lora_delivery_probability_source,core_four_contains_no_attempt_denominator_for_candidate,Add candidate-specific attempted-transmission outcome evidence only if delivery probability is retained as a soft criterion.,MISSING,False,MAJORITY_SUBSTITUTION
asset_tracking_periodic_cross_cell,ltem_nonip_lwm2m,feasible,end_to_end_application_latency_ms,hard_or_contextual_until_comparable_soft_evidence_exists,False,cellular_nonip_latency,INCOMPATIBLE,vomhoff_nbiot_ltem_energy_2023,device_phase_duration_s,NOT_MATERIALISED,NO_CONTRACT,no_candidate_aligned_empirical_source,INCOMPATIBLE,cellular_nonip_application_latency_source,vomhoff_ip_context_not_transferable_to_ciot_nonip,Obtain matched Non-IP end-to-end timing evidence or a separately validated transfer model.,INCOMPATIBLE,False,MAJORITY_SUBSTITUTION
asset_tracking_periodic_cross_cell,ltem_nonip_lwm2m,feasible,expected_device_energy_per_application_report_j,soft_candidate_for_first_decision_slice,True,cellular_nonip_report_energy,INCOMPATIBLE,vomhoff_nbiot_ltem_energy_2023,device_phase_energy_j,NOT_MATERIALISED,NO_CONTRACT,no_candidate_aligned_empirical_source,INCOMPATIBLE,cellular_nonip_report_energy_source,vomhoff_ip_context_not_transferable_to_ciot_nonip,Obtain matched Non-IP whole-device/report evidence or validate an explicit IP-to-Non-IP transfer model; do not reuse Vomhoff IP phases directly.,INCOMPATIBLE,False,MAJORITY_SUBSTITUTION
asset_tracking_periodic_cross_cell,ltem_nonip_lwm2m,feasible,feasible_link_probability,hard_or_contextual_until_scenario_link_model_is_identified,False,generic_coverage_missing,MISSING,,,NOT_MATERIALISED,NO_CONTRACT,no_scenario_link_source,MISSING,non_lora_scenario_link_probability_source,core_four_contains_no_candidate_aligned_scenario_coverage_model,Keep site/service availability in hard feasibility for the first decision slice; add technology-specific field/link models only if probabilistic coverage becomes decision-critical.,MISSING,False,MAJORITY_SUBSTITUTION
asset_tracking_periodic_cross_cell,ltem_nonip_lwm2m,feasible,lifecycle_cost_eur,soft_candidate_for_first_decision_slice,True,lifecycle_cost_all_candidates,MISSING,,,NOT_MATERIALISED,NO_CONTRACT,no_cost_evidence_contract,MISSING,lifecycle_cost_model,ownership_boundary_not_frozen|cost_horizon_not_frozen|hardware_infrastructure_subscription_maintenance_evidence_missing,Define a dated lifecycle-cost contract and source-backed low/reference/high cost evidence; keep smoke-test costs out of publication analysis.,MISSING,False,MAJORITY_SUBSTITUTION
asset_tracking_periodic_cross_cell,nbiot_ip_coap_dtls_lwm2m,feasible,delivery_probability,optional_soft_only_when_attempt_denominator_is_identified,False,generic_delivery_missing,MISSING,,,NOT_MATERIALISED,NO_CONTRACT,no_attempt_outcome_source,MISSING,non_lora_delivery_probability_source,core_four_contains_no_attempt_denominator_for_candidate,Add candidate-specific attempted-transmission outcome evidence only if delivery probability is retained as a soft criterion.,MISSING,False,MAJORITY_SUBSTITUTION
asset_tracking_periodic_cross_cell,nbiot_ip_coap_dtls_lwm2m,feasible,end_to_end_application_latency_ms,hard_or_contextual_until_comparable_soft_evidence_exists,False,cellular_ip_latency,BRIDGEABLE,vomhoff_nbiot_ltem_energy_2023,device_phase_duration_s,NOT_MATERIALISED,NO_CONTRACT,identified_conditional_within_study_nonparametric,PROFILE_UNRESOLVED,cellular_ip_application_latency_bridge,phase_to_application_endpoint_mapping_not_materialised|candidate_stack_not_identical_to_source_context,Define the application-to-application endpoint and validate a phase-composition timing bridge; do not call capture/phase duration end-to-end latency directly.,PROFILE_UNRESOLVED,False,MAJORITY_SUBSTITUTION
asset_tracking_periodic_cross_cell,nbiot_ip_coap_dtls_lwm2m,feasible,expected_device_energy_per_application_report_j,soft_candidate_for_first_decision_slice,True,cellular_ip_report_energy,BRIDGEABLE,vomhoff_nbiot_ltem_energy_2023,device_phase_energy_j,NOT_MATERIALISED,NO_CONTRACT,identified_conditional_within_study_nonparametric,PROFILE_UNRESOLVED,cellular_ip_report_energy_bridge,scenario_report_profile_not_materialised|source_application_stack_not_identical_to_candidate|phase_to_report_accounting_bridge_not_materialised,Define scenario-specific cellular report profiles and validate phase-to-report composition while preserving Vomhoff physical-run joint bootstrap semantics.,PROFILE_UNRESOLVED,False,MAJORITY_SUBSTITUTION
asset_tracking_periodic_cross_cell,nbiot_ip_coap_dtls_lwm2m,feasible,feasible_link_probability,hard_or_contextual_until_scenario_link_model_is_identified,False,generic_coverage_missing,MISSING,,,NOT_MATERIALISED,NO_CONTRACT,no_scenario_link_source,MISSING,non_lora_scenario_link_probability_source,core_four_contains_no_candidate_aligned_scenario_coverage_model,Keep site/service availability in hard feasibility for the first decision slice; add technology-specific field/link models only if probabilistic coverage becomes decision-critical.,MISSING,False,MAJORITY_SUBSTITUTION
asset_tracking_periodic_cross_cell,nbiot_ip_coap_dtls_lwm2m,feasible,lifecycle_cost_eur,soft_candidate_for_first_decision_slice,True,lifecycle_cost_all_candidates,MISSING,,,NOT_MATERIALISED,NO_CONTRACT,no_cost_evidence_contract,MISSING,lifecycle_cost_model,ownership_boundary_not_frozen|cost_horizon_not_frozen|hardware_infrastructure_subscription_maintenance_evidence_missing,Define a dated lifecycle-cost contract and source-backed low/reference/high cost evidence; keep smoke-test costs out of publication analysis.,MISSING,False,MAJORITY_SUBSTITUTION
asset_tracking_periodic_cross_cell,nbiot_ip_mqtt_tls_lwm2m,feasible,delivery_probability,optional_soft_only_when_attempt_denominator_is_identified,False,generic_delivery_missing,MISSING,,,NOT_MATERIALISED,NO_CONTRACT,no_attempt_outcome_source,MISSING,non_lora_delivery_probability_source,core_four_contains_no_attempt_denominator_for_candidate,Add candidate-specific attempted-transmission outcome evidence only if delivery probability is retained as a soft criterion.,MISSING,False,MAJORITY_SUBSTITUTION
asset_tracking_periodic_cross_cell,nbiot_ip_mqtt_tls_lwm2m,feasible,end_to_end_application_latency_ms,hard_or_contextual_until_comparable_soft_evidence_exists,False,cellular_ip_latency,BRIDGEABLE,vomhoff_nbiot_ltem_energy_2023,device_phase_duration_s,NOT_MATERIALISED,NO_CONTRACT,identified_conditional_within_study_nonparametric,PROFILE_UNRESOLVED,cellular_ip_application_latency_bridge,phase_to_application_endpoint_mapping_not_materialised|candidate_stack_not_identical_to_source_context,Define the application-to-application endpoint and validate a phase-composition timing bridge; do not call capture/phase duration end-to-end latency directly.,PROFILE_UNRESOLVED,False,MAJORITY_SUBSTITUTION
asset_tracking_periodic_cross_cell,nbiot_ip_mqtt_tls_lwm2m,feasible,expected_device_energy_per_application_report_j,soft_candidate_for_first_decision_slice,True,cellular_ip_report_energy,BRIDGEABLE,vomhoff_nbiot_ltem_energy_2023,device_phase_energy_j,NOT_MATERIALISED,NO_CONTRACT,identified_conditional_within_study_nonparametric,PROFILE_UNRESOLVED,cellular_ip_report_energy_bridge,scenario_report_profile_not_materialised|source_application_stack_not_identical_to_candidate|phase_to_report_accounting_bridge_not_materialised,Define scenario-specific cellular report profiles and validate phase-to-report composition while preserving Vomhoff physical-run joint bootstrap semantics.,PROFILE_UNRESOLVED,False,MAJORITY_SUBSTITUTION
asset_tracking_periodic_cross_cell,nbiot_ip_mqtt_tls_lwm2m,feasible,feasible_link_probability,hard_or_contextual_until_scenario_link_model_is_identified,False,generic_coverage_missing,MISSING,,,NOT_MATERIALISED,NO_CONTRACT,no_scenario_link_source,MISSING,non_lora_scenario_link_probability_source,core_four_contains_no_candidate_aligned_scenario_coverage_model,Keep site/service availability in hard feasibility for the first decision slice; add technology-specific field/link models only if probabilistic coverage becomes decision-critical.,MISSING,False,MAJORITY_SUBSTITUTION
asset_tracking_periodic_cross_cell,nbiot_ip_mqtt_tls_lwm2m,feasible,lifecycle_cost_eur,soft_candidate_for_first_decision_slice,True,lifecycle_cost_all_candidates,MISSING,,,NOT_MATERIALISED,NO_CONTRACT,no_cost_evidence_contract,MISSING,lifecycle_cost_model,ownership_boundary_not_frozen|cost_horizon_not_frozen|hardware_infrastructure_subscription_maintenance_evidence_missing,Define a dated lifecycle-cost contract and source-backed low/reference/high cost evidence; keep smoke-test costs out of publication analysis.,MISSING,False,MAJORITY_SUBSTITUTION
asset_tracking_periodic_cross_cell,nbiot_nonip_lwm2m,feasible,delivery_probability,optional_soft_only_when_attempt_denominator_is_identified,False,generic_delivery_missing,MISSING,,,NOT_MATERIALISED,NO_CONTRACT,no_attempt_outcome_source,MISSING,non_lora_delivery_probability_source,core_four_contains_no_attempt_denominator_for_candidate,Add candidate-specific attempted-transmission outcome evidence only if delivery probability is retained as a soft criterion.,MISSING,False,MAJORITY_SUBSTITUTION
asset_tracking_periodic_cross_cell,nbiot_nonip_lwm2m,feasible,end_to_end_application_latency_ms,hard_or_contextual_until_comparable_soft_evidence_exists,False,cellular_nonip_latency,INCOMPATIBLE,vomhoff_nbiot_ltem_energy_2023,device_phase_duration_s,NOT_MATERIALISED,NO_CONTRACT,no_candidate_aligned_empirical_source,INCOMPATIBLE,cellular_nonip_application_latency_source,vomhoff_ip_context_not_transferable_to_ciot_nonip,Obtain matched Non-IP end-to-end timing evidence or a separately validated transfer model.,INCOMPATIBLE,False,MAJORITY_SUBSTITUTION
asset_tracking_periodic_cross_cell,nbiot_nonip_lwm2m,feasible,expected_device_energy_per_application_report_j,soft_candidate_for_first_decision_slice,True,cellular_nonip_report_energy,INCOMPATIBLE,vomhoff_nbiot_ltem_energy_2023,device_phase_energy_j,NOT_MATERIALISED,NO_CONTRACT,no_candidate_aligned_empirical_source,INCOMPATIBLE,cellular_nonip_report_energy_source,vomhoff_ip_context_not_transferable_to_ciot_nonip,Obtain matched Non-IP whole-device/report evidence or validate an explicit IP-to-Non-IP transfer model; do not reuse Vomhoff IP phases directly.,INCOMPATIBLE,False,MAJORITY_SUBSTITUTION
asset_tracking_periodic_cross_cell,nbiot_nonip_lwm2m,feasible,feasible_link_probability,hard_or_contextual_until_scenario_link_model_is_identified,False,generic_coverage_missing,MISSING,,,NOT_MATERIALISED,NO_CONTRACT,no_scenario_link_source,MISSING,non_lora_scenario_link_probability_source,core_four_contains_no_candidate_aligned_scenario_coverage_model,Keep site/service availability in hard feasibility for the first decision slice; add technology-specific field/link models only if probabilistic coverage becomes decision-critical.,MISSING,False,MAJORITY_SUBSTITUTION
asset_tracking_periodic_cross_cell,nbiot_nonip_lwm2m,feasible,lifecycle_cost_eur,soft_candidate_for_first_decision_slice,True,lifecycle_cost_all_candidates,MISSING,,,NOT_MATERIALISED,NO_CONTRACT,no_cost_evidence_contract,MISSING,lifecycle_cost_model,ownership_boundary_not_frozen|cost_horizon_not_frozen|hardware_infrastructure_subscription_maintenance_evidence_missing,Define a dated lifecycle-cost contract and source-backed low/reference/high cost evidence; keep smoke-test costs out of publication analysis.,MISSING,False,MAJORITY_SUBSTITUTION
environmental_private_lorawan,lorawan_lora_lwm2m_nonip,feasible,delivery_probability,optional_soft_only_when_attempt_denominator_is_identified,False,classical_lora_delivery,MISSING,loed_lorawan_edge_2020,gateway_rssi_dbm|gateway_snr_db,NOT_MATERIALISED,NO_CONTRACT,campaign_blocklength_robustness_not_delivery_probability,MISSING,lorawan_lora_delivery_attempt_denominator,attempted_transmission_denominator_absent|outcome_linked_delivery_model_absent|crc_fraction_prohibited_as_pdr,Add attempted-transmission outcomes or an externally validated outcome-linked LoRaWAN model; retain LoED only as conditional link evidence.,ROBUSTNESS_ONLY,True,MAJORITY_SUBSTITUTION
environmental_private_lorawan,lorawan_lora_lwm2m_nonip,feasible,end_to_end_application_latency_ms,hard_or_contextual_until_comparable_soft_evidence_exists,False,classical_lora_latency,MISSING,loed_lorawan_edge_2020,,NOT_MATERIALISED,NO_CONTRACT,no_end_to_end_timing_source,MISSING,lorawan_lora_application_latency_source,gateway_reception_timestamps_do_not_define_application_latency,Obtain application-to-application latency measurements/model under a frozen LoRaWAN profile if latency is used beyond hard feasibility.,MISSING,False,MAJORITY_SUBSTITUTION
environmental_private_lorawan,lorawan_lora_lwm2m_nonip,feasible,expected_device_energy_per_application_report_j,soft_candidate_for_first_decision_slice,True,classical_lora_report_energy,MISSING,loed_lorawan_edge_2020,,NOT_MATERIALISED,NO_CONTRACT,no_device_energy_source,MISSING,lorawan_lora_report_energy_source,loed_is_reception_side_only|no_classical_lora_device_energy_in_core_four,Add one matched whole-device classical-LoRa per-report energy source/model under an explicit LoRaWAN operating profile.,MISSING,False,MAJORITY_SUBSTITUTION
environmental_private_lorawan,lorawan_lora_lwm2m_nonip,feasible,feasible_link_probability,hard_or_contextual_until_scenario_link_model_is_identified,False,classical_lora_coverage,CONDITIONAL_INPUT_ONLY,loed_lorawan_edge_2020,gateway_rssi_dbm|gateway_snr_db,NOT_MATERIALISED,NO_CONTRACT,campaign_blocklength_robustness,ROBUSTNESS_ONLY,lorawan_lora_scenario_link_model,scenario_geometry_not_bound|technology_specific_link_threshold_model_not_materialised,Build a scenario-conditioned LoRaWAN link model only when geometry/deployment assumptions are explicit; do not normalize RSSI/SNR across RATs.,ROBUSTNESS_ONLY,False,MAJORITY_SUBSTITUTION
environmental_private_lorawan,lorawan_lora_lwm2m_nonip,feasible,lifecycle_cost_eur,soft_candidate_for_first_decision_slice,True,lifecycle_cost_all_candidates,MISSING,,,NOT_MATERIALISED,NO_CONTRACT,no_cost_evidence_contract,MISSING,lifecycle_cost_model,ownership_boundary_not_frozen|cost_horizon_not_frozen|hardware_infrastructure_subscription_maintenance_evidence_missing,Define a dated lifecycle-cost contract and source-backed low/reference/high cost evidence; keep smoke-test costs out of publication analysis.,MISSING,False,MAJORITY_SUBSTITUTION
environmental_private_lorawan,lorawan_lrfhss_lwm2m_nonip,feasible,delivery_probability,optional_soft_only_when_attempt_denominator_is_identified,False,generic_delivery_missing,MISSING,,,NOT_MATERIALISED,NO_CONTRACT,no_attempt_outcome_source,MISSING,non_lora_delivery_probability_source,core_four_contains_no_attempt_denominator_for_candidate,Add candidate-specific attempted-transmission outcome evidence only if delivery probability is retained as a soft criterion.,MISSING,False,MAJORITY_SUBSTITUTION
environmental_private_lorawan,lorawan_lrfhss_lwm2m_nonip,feasible,end_to_end_application_latency_ms,hard_or_contextual_until_comparable_soft_evidence_exists,False,lrfhss_latency,MISSING,lorawan_lrfhss_energy_2024,,NOT_MATERIALISED,NO_CONTRACT,no_end_to_end_timing_source,MISSING,lrfhss_application_latency_source,capture_duration_is_not_application_latency,Obtain matched stack-level timing evidence only if latency is needed as a soft decision criterion.,MISSING,False,MAJORITY_SUBSTITUTION
environmental_private_lorawan,lorawan_lrfhss_lwm2m_nonip,feasible,expected_device_energy_per_application_report_j,soft_candidate_for_first_decision_slice,True,lrfhss_report_energy,BRIDGEABLE,lorawan_lrfhss_energy_2024,radio_incremental_transaction_energy_j,NOT_MATERIALISED,NO_CONTRACT,explicit_single_trace_epistemic_gap_plus_unweighted_variant_robustness,PROFILE_UNRESOLVED,lrfhss_whole_device_report_energy_bridge,radio_only_boundary|generic_deployment_variant_unidentified|whole_device_residual_energy_unidentified,Preserve the Stage-5D unweighted variant family; activate a whole-device bridge only with deployment/profile evidence and explicit residual-energy treatment.,PROFILE_UNRESOLVED,False,MAJORITY_SUBSTITUTION
environmental_private_lorawan,lorawan_lrfhss_lwm2m_nonip,feasible,feasible_link_probability,hard_or_contextual_until_scenario_link_model_is_identified,False,generic_coverage_missing,MISSING,,,NOT_MATERIALISED,NO_CONTRACT,no_scenario_link_source,MISSING,non_lora_scenario_link_probability_source,core_four_contains_no_candidate_aligned_scenario_coverage_model,Keep site/service availability in hard feasibility for the first decision slice; add technology-specific field/link models only if probabilistic coverage becomes decision-critical.,MISSING,False,MAJORITY_SUBSTITUTION
environmental_private_lorawan,lorawan_lrfhss_lwm2m_nonip,feasible,lifecycle_cost_eur,soft_candidate_for_first_decision_slice,True,lifecycle_cost_all_candidates,MISSING,,,NOT_MATERIALISED,NO_CONTRACT,no_cost_evidence_contract,MISSING,lifecycle_cost_model,ownership_boundary_not_frozen|cost_horizon_not_frozen|hardware_infrastructure_subscription_maintenance_evidence_missing,Define a dated lifecycle-cost contract and source-backed low/reference/high cost evidence; keep smoke-test costs out of publication analysis.,MISSING,False,MAJORITY_SUBSTITUTION
industrial_private_ipv6_low_latency,thread_coap_dtls_lwm2m,unresolved,delivery_probability,optional_soft_only_when_attempt_denominator_is_identified,False,generic_delivery_missing,MISSING,,,PARTIAL,NO_CONTRACT,no_attempt_outcome_source,MISSING,non_lora_delivery_probability_source,core_four_contains_no_attempt_denominator_for_candidate,Add candidate-specific attempted-transmission outcome evidence only if delivery probability is retained as a soft criterion.,MISSING,False,MAJORITY_SUBSTITUTION
industrial_private_ipv6_low_latency,thread_coap_dtls_lwm2m,unresolved,end_to_end_application_latency_ms,hard_or_contextual_until_comparable_soft_evidence_exists,False,thread_latency,MISSING,insectt_wsn_power_2023,,PARTIAL,contract_defined_blocked,no_end_to_end_timing_source,MISSING,thread_stack_latency_source_or_model,insectt_power_trace_not_latency_evidence|stage5a_thread_latency_bridge_blocked,Add matched end-to-end Thread+DTLS+CoAP+LwM2M latency evidence/model under the frozen industrial operating profile.,MISSING,False,MAJORITY_SUBSTITUTION
industrial_private_ipv6_low_latency,thread_coap_dtls_lwm2m,unresolved,expected_device_energy_per_application_report_j,soft_candidate_for_first_decision_slice,True,thread_report_energy,BRIDGEABLE,insectt_wsn_power_2023,derived_capture_energy_j|trace_charge_c,PARTIAL,NO_CONTRACT,explicit_single_trace_epistemic_gap_shared_voltage_lineage,PROFILE_UNRESOLVED,thread_report_energy_bridge,repeated_capture_to_report_bridge_not_materialised|upper_stack_overhead_not_isolated|single_trace_population_variability_unidentified,Define a matched Thread reporting profile and convert the repeated-workload capture to per-report energy without inventing population variance.,PROFILE_UNRESOLVED,False,MAJORITY_SUBSTITUTION
industrial_private_ipv6_low_latency,thread_coap_dtls_lwm2m,unresolved,feasible_link_probability,hard_or_contextual_until_scenario_link_model_is_identified,False,generic_coverage_missing,MISSING,,,PARTIAL,NO_CONTRACT,no_scenario_link_source,MISSING,non_lora_scenario_link_probability_source,core_four_contains_no_candidate_aligned_scenario_coverage_model,Keep site/service availability in hard feasibility for the first decision slice; add technology-specific field/link models only if probabilistic coverage becomes decision-critical.,MISSING,False,MAJORITY_SUBSTITUTION
industrial_private_ipv6_low_latency,thread_coap_dtls_lwm2m,unresolved,lifecycle_cost_eur,soft_candidate_for_first_decision_slice,True,lifecycle_cost_all_candidates,MISSING,,,PARTIAL,NO_CONTRACT,no_cost_evidence_contract,MISSING,lifecycle_cost_model,ownership_boundary_not_frozen|cost_horizon_not_frozen|hardware_infrastructure_subscription_maintenance_evidence_missing,Define a dated lifecycle-cost contract and source-backed low/reference/high cost evidence; keep smoke-test costs out of publication analysis.,MISSING,False,MAJORITY_SUBSTITUTION
remote_agriculture_energy_budget,lorawan_lora_lwm2m_nonip,unresolved,delivery_probability,optional_soft_only_when_attempt_denominator_is_identified,False,classical_lora_delivery,MISSING,loed_lorawan_edge_2020,gateway_rssi_dbm|gateway_snr_db,PARTIAL,NO_CONTRACT,campaign_blocklength_robustness_not_delivery_probability,MISSING,lorawan_lora_delivery_attempt_denominator,attempted_transmission_denominator_absent|outcome_linked_delivery_model_absent|crc_fraction_prohibited_as_pdr,Add attempted-transmission outcomes or an externally validated outcome-linked LoRaWAN model; retain LoED only as conditional link evidence.,ROBUSTNESS_ONLY,True,MAJORITY_SUBSTITUTION
remote_agriculture_energy_budget,lorawan_lora_lwm2m_nonip,unresolved,end_to_end_application_latency_ms,hard_or_contextual_until_comparable_soft_evidence_exists,False,classical_lora_latency,MISSING,loed_lorawan_edge_2020,,PARTIAL,NO_CONTRACT,no_end_to_end_timing_source,MISSING,lorawan_lora_application_latency_source,gateway_reception_timestamps_do_not_define_application_latency,Obtain application-to-application latency measurements/model under a frozen LoRaWAN profile if latency is used beyond hard feasibility.,MISSING,False,MAJORITY_SUBSTITUTION
remote_agriculture_energy_budget,lorawan_lora_lwm2m_nonip,unresolved,expected_device_energy_per_application_report_j,soft_candidate_for_first_decision_slice,True,classical_lora_report_energy,MISSING,loed_lorawan_edge_2020,,PARTIAL,contract_defined_blocked,no_device_energy_source,MISSING,lorawan_lora_report_energy_source,loed_is_reception_side_only|no_classical_lora_device_energy_in_core_four,Add one matched whole-device classical-LoRa per-report energy source/model under an explicit LoRaWAN operating profile.,MISSING,False,MAJORITY_SUBSTITUTION
remote_agriculture_energy_budget,lorawan_lora_lwm2m_nonip,unresolved,feasible_link_probability,hard_or_contextual_until_scenario_link_model_is_identified,False,classical_lora_coverage,CONDITIONAL_INPUT_ONLY,loed_lorawan_edge_2020,gateway_rssi_dbm|gateway_snr_db,PARTIAL,NO_CONTRACT,campaign_blocklength_robustness,ROBUSTNESS_ONLY,lorawan_lora_scenario_link_model,scenario_geometry_not_bound|technology_specific_link_threshold_model_not_materialised,Build a scenario-conditioned LoRaWAN link model only when geometry/deployment assumptions are explicit; do not normalize RSSI/SNR across RATs.,ROBUSTNESS_ONLY,False,MAJORITY_SUBSTITUTION
remote_agriculture_energy_budget,lorawan_lora_lwm2m_nonip,unresolved,lifecycle_cost_eur,soft_candidate_for_first_decision_slice,True,lifecycle_cost_all_candidates,MISSING,,,PARTIAL,NO_CONTRACT,no_cost_evidence_contract,MISSING,lifecycle_cost_model,ownership_boundary_not_frozen|cost_horizon_not_frozen|hardware_infrastructure_subscription_maintenance_evidence_missing,Define a dated lifecycle-cost contract and source-backed low/reference/high cost evidence; keep smoke-test costs out of publication analysis.,MISSING,False,MAJORITY_SUBSTITUTION
remote_agriculture_energy_budget,lorawan_lrfhss_lwm2m_nonip,unresolved,delivery_probability,optional_soft_only_when_attempt_denominator_is_identified,False,generic_delivery_missing,MISSING,,,PARTIAL,NO_CONTRACT,no_attempt_outcome_source,MISSING,non_lora_delivery_probability_source,core_four_contains_no_attempt_denominator_for_candidate,Add candidate-specific attempted-transmission outcome evidence only if delivery probability is retained as a soft criterion.,MISSING,False,MAJORITY_SUBSTITUTION
remote_agriculture_energy_budget,lorawan_lrfhss_lwm2m_nonip,unresolved,end_to_end_application_latency_ms,hard_or_contextual_until_comparable_soft_evidence_exists,False,lrfhss_latency,MISSING,lorawan_lrfhss_energy_2024,,PARTIAL,NO_CONTRACT,no_end_to_end_timing_source,MISSING,lrfhss_application_latency_source,capture_duration_is_not_application_latency,Obtain matched stack-level timing evidence only if latency is needed as a soft decision criterion.,MISSING,False,MAJORITY_SUBSTITUTION
remote_agriculture_energy_budget,lorawan_lrfhss_lwm2m_nonip,unresolved,expected_device_energy_per_application_report_j,soft_candidate_for_first_decision_slice,True,lrfhss_report_energy,BRIDGEABLE,lorawan_lrfhss_energy_2024,radio_incremental_transaction_energy_j,PARTIAL,contract_defined_blocked,explicit_single_trace_epistemic_gap_plus_unweighted_variant_robustness,PROFILE_UNRESOLVED,lrfhss_whole_device_report_energy_bridge,radio_only_boundary|generic_deployment_variant_unidentified|whole_device_residual_energy_unidentified,Preserve the Stage-5D unweighted variant family; activate a whole-device bridge only with deployment/profile evidence and explicit residual-energy treatment.,PROFILE_UNRESOLVED,False,MAJORITY_SUBSTITUTION
remote_agriculture_energy_budget,lorawan_lrfhss_lwm2m_nonip,unresolved,feasible_link_probability,hard_or_contextual_until_scenario_link_model_is_identified,False,generic_coverage_missing,MISSING,,,PARTIAL,NO_CONTRACT,no_scenario_link_source,MISSING,non_lora_scenario_link_probability_source,core_four_contains_no_candidate_aligned_scenario_coverage_model,Keep site/service availability in hard feasibility for the first decision slice; add technology-specific field/link models only if probabilistic coverage becomes decision-critical.,MISSING,False,MAJORITY_SUBSTITUTION
remote_agriculture_energy_budget,lorawan_lrfhss_lwm2m_nonip,unresolved,lifecycle_cost_eur,soft_candidate_for_first_decision_slice,True,lifecycle_cost_all_candidates,MISSING,,,PARTIAL,NO_CONTRACT,no_cost_evidence_contract,MISSING,lifecycle_cost_model,ownership_boundary_not_frozen|cost_horizon_not_frozen|hardware_infrastructure_subscription_maintenance_evidence_missing,Define a dated lifecycle-cost contract and source-backed low/reference/high cost evidence; keep smoke-test costs out of publication analysis.,MISSING,False,MAJORITY_SUBSTITUTION
smart_meter_public_cellular,ltem_ip_coap_dtls_lwm2m,feasible,delivery_probability,optional_soft_only_when_attempt_denominator_is_identified,False,generic_delivery_missing,MISSING,,,NOT_MATERIALISED,NO_CONTRACT,no_attempt_outcome_source,MISSING,non_lora_delivery_probability_source,core_four_contains_no_attempt_denominator_for_candidate,Add candidate-specific attempted-transmission outcome evidence only if delivery probability is retained as a soft criterion.,MISSING,False,MAJORITY_SUBSTITUTION
smart_meter_public_cellular,ltem_ip_coap_dtls_lwm2m,feasible,end_to_end_application_latency_ms,hard_or_contextual_until_comparable_soft_evidence_exists,False,cellular_ip_latency,BRIDGEABLE,vomhoff_nbiot_ltem_energy_2023,device_phase_duration_s,NOT_MATERIALISED,NO_CONTRACT,identified_conditional_within_study_nonparametric,PROFILE_UNRESOLVED,cellular_ip_application_latency_bridge,phase_to_application_endpoint_mapping_not_materialised|candidate_stack_not_identical_to_source_context,Define the application-to-application endpoint and validate a phase-composition timing bridge; do not call capture/phase duration end-to-end latency directly.,PROFILE_UNRESOLVED,False,MAJORITY_SUBSTITUTION
smart_meter_public_cellular,ltem_ip_coap_dtls_lwm2m,feasible,expected_device_energy_per_application_report_j,soft_candidate_for_first_decision_slice,True,cellular_ip_report_energy,BRIDGEABLE,vomhoff_nbiot_ltem_energy_2023,device_phase_energy_j,NOT_MATERIALISED,NO_CONTRACT,identified_conditional_within_study_nonparametric,PROFILE_UNRESOLVED,cellular_ip_report_energy_bridge,scenario_report_profile_not_materialised|source_application_stack_not_identical_to_candidate|phase_to_report_accounting_bridge_not_materialised,Define scenario-specific cellular report profiles and validate phase-to-report composition while preserving Vomhoff physical-run joint bootstrap semantics.,PROFILE_UNRESOLVED,False,MAJORITY_SUBSTITUTION
smart_meter_public_cellular,ltem_ip_coap_dtls_lwm2m,feasible,feasible_link_probability,hard_or_contextual_until_scenario_link_model_is_identified,False,generic_coverage_missing,MISSING,,,NOT_MATERIALISED,NO_CONTRACT,no_scenario_link_source,MISSING,non_lora_scenario_link_probability_source,core_four_contains_no_candidate_aligned_scenario_coverage_model,Keep site/service availability in hard feasibility for the first decision slice; add technology-specific field/link models only if probabilistic coverage becomes decision-critical.,MISSING,False,MAJORITY_SUBSTITUTION
smart_meter_public_cellular,ltem_ip_coap_dtls_lwm2m,feasible,lifecycle_cost_eur,soft_candidate_for_first_decision_slice,True,lifecycle_cost_all_candidates,MISSING,,,NOT_MATERIALISED,NO_CONTRACT,no_cost_evidence_contract,MISSING,lifecycle_cost_model,ownership_boundary_not_frozen|cost_horizon_not_frozen|hardware_infrastructure_subscription_maintenance_evidence_missing,Define a dated lifecycle-cost contract and source-backed low/reference/high cost evidence; keep smoke-test costs out of publication analysis.,MISSING,False,MAJORITY_SUBSTITUTION
smart_meter_public_cellular,ltem_ip_mqtt_tls_lwm2m,feasible,delivery_probability,optional_soft_only_when_attempt_denominator_is_identified,False,generic_delivery_missing,MISSING,,,NOT_MATERIALISED,NO_CONTRACT,no_attempt_outcome_source,MISSING,non_lora_delivery_probability_source,core_four_contains_no_attempt_denominator_for_candidate,Add candidate-specific attempted-transmission outcome evidence only if delivery probability is retained as a soft criterion.,MISSING,False,MAJORITY_SUBSTITUTION
smart_meter_public_cellular,ltem_ip_mqtt_tls_lwm2m,feasible,end_to_end_application_latency_ms,hard_or_contextual_until_comparable_soft_evidence_exists,False,cellular_ip_latency,BRIDGEABLE,vomhoff_nbiot_ltem_energy_2023,device_phase_duration_s,NOT_MATERIALISED,NO_CONTRACT,identified_conditional_within_study_nonparametric,PROFILE_UNRESOLVED,cellular_ip_application_latency_bridge,phase_to_application_endpoint_mapping_not_materialised|candidate_stack_not_identical_to_source_context,Define the application-to-application endpoint and validate a phase-composition timing bridge; do not call capture/phase duration end-to-end latency directly.,PROFILE_UNRESOLVED,False,MAJORITY_SUBSTITUTION
smart_meter_public_cellular,ltem_ip_mqtt_tls_lwm2m,feasible,expected_device_energy_per_application_report_j,soft_candidate_for_first_decision_slice,True,cellular_ip_report_energy,BRIDGEABLE,vomhoff_nbiot_ltem_energy_2023,device_phase_energy_j,NOT_MATERIALISED,NO_CONTRACT,identified_conditional_within_study_nonparametric,PROFILE_UNRESOLVED,cellular_ip_report_energy_bridge,scenario_report_profile_not_materialised|source_application_stack_not_identical_to_candidate|phase_to_report_accounting_bridge_not_materialised,Define scenario-specific cellular report profiles and validate phase-to-report composition while preserving Vomhoff physical-run joint bootstrap semantics.,PROFILE_UNRESOLVED,False,MAJORITY_SUBSTITUTION
smart_meter_public_cellular,ltem_ip_mqtt_tls_lwm2m,feasible,feasible_link_probability,hard_or_contextual_until_scenario_link_model_is_identified,False,generic_coverage_missing,MISSING,,,NOT_MATERIALISED,NO_CONTRACT,no_scenario_link_source,MISSING,non_lora_scenario_link_probability_source,core_four_contains_no_candidate_aligned_scenario_coverage_model,Keep site/service availability in hard feasibility for the first decision slice; add technology-specific field/link models only if probabilistic coverage becomes decision-critical.,MISSING,False,MAJORITY_SUBSTITUTION
smart_meter_public_cellular,ltem_ip_mqtt_tls_lwm2m,feasible,lifecycle_cost_eur,soft_candidate_for_first_decision_slice,True,lifecycle_cost_all_candidates,MISSING,,,NOT_MATERIALISED,NO_CONTRACT,no_cost_evidence_contract,MISSING,lifecycle_cost_model,ownership_boundary_not_frozen|cost_horizon_not_frozen|hardware_infrastructure_subscription_maintenance_evidence_missing,Define a dated lifecycle-cost contract and source-backed low/reference/high cost evidence; keep smoke-test costs out of publication analysis.,MISSING,False,MAJORITY_SUBSTITUTION
smart_meter_public_cellular,ltem_nonip_lwm2m,feasible,delivery_probability,optional_soft_only_when_attempt_denominator_is_identified,False,generic_delivery_missing,MISSING,,,NOT_MATERIALISED,NO_CONTRACT,no_attempt_outcome_source,MISSING,non_lora_delivery_probability_source,core_four_contains_no_attempt_denominator_for_candidate,Add candidate-specific attempted-transmission outcome evidence only if delivery probability is retained as a soft criterion.,MISSING,False,MAJORITY_SUBSTITUTION
smart_meter_public_cellular,ltem_nonip_lwm2m,feasible,end_to_end_application_latency_ms,hard_or_contextual_until_comparable_soft_evidence_exists,False,cellular_nonip_latency,INCOMPATIBLE,vomhoff_nbiot_ltem_energy_2023,device_phase_duration_s,NOT_MATERIALISED,NO_CONTRACT,no_candidate_aligned_empirical_source,INCOMPATIBLE,cellular_nonip_application_latency_source,vomhoff_ip_context_not_transferable_to_ciot_nonip,Obtain matched Non-IP end-to-end timing evidence or a separately validated transfer model.,INCOMPATIBLE,False,MAJORITY_SUBSTITUTION
smart_meter_public_cellular,ltem_nonip_lwm2m,feasible,expected_device_energy_per_application_report_j,soft_candidate_for_first_decision_slice,True,cellular_nonip_report_energy,INCOMPATIBLE,vomhoff_nbiot_ltem_energy_2023,device_phase_energy_j,NOT_MATERIALISED,NO_CONTRACT,no_candidate_aligned_empirical_source,INCOMPATIBLE,cellular_nonip_report_energy_source,vomhoff_ip_context_not_transferable_to_ciot_nonip,Obtain matched Non-IP whole-device/report evidence or validate an explicit IP-to-Non-IP transfer model; do not reuse Vomhoff IP phases directly.,INCOMPATIBLE,False,MAJORITY_SUBSTITUTION
smart_meter_public_cellular,ltem_nonip_lwm2m,feasible,feasible_link_probability,hard_or_contextual_until_scenario_link_model_is_identified,False,generic_coverage_missing,MISSING,,,NOT_MATERIALISED,NO_CONTRACT,no_scenario_link_source,MISSING,non_lora_scenario_link_probability_source,core_four_contains_no_candidate_aligned_scenario_coverage_model,Keep site/service availability in hard feasibility for the first decision slice; add technology-specific field/link models only if probabilistic coverage becomes decision-critical.,MISSING,False,MAJORITY_SUBSTITUTION
smart_meter_public_cellular,ltem_nonip_lwm2m,feasible,lifecycle_cost_eur,soft_candidate_for_first_decision_slice,True,lifecycle_cost_all_candidates,MISSING,,,NOT_MATERIALISED,NO_CONTRACT,no_cost_evidence_contract,MISSING,lifecycle_cost_model,ownership_boundary_not_frozen|cost_horizon_not_frozen|hardware_infrastructure_subscription_maintenance_evidence_missing,Define a dated lifecycle-cost contract and source-backed low/reference/high cost evidence; keep smoke-test costs out of publication analysis.,MISSING,False,MAJORITY_SUBSTITUTION
smart_meter_public_cellular,nbiot_ip_coap_dtls_lwm2m,feasible,delivery_probability,optional_soft_only_when_attempt_denominator_is_identified,False,generic_delivery_missing,MISSING,,,NOT_MATERIALISED,NO_CONTRACT,no_attempt_outcome_source,MISSING,non_lora_delivery_probability_source,core_four_contains_no_attempt_denominator_for_candidate,Add candidate-specific attempted-transmission outcome evidence only if delivery probability is retained as a soft criterion.,MISSING,False,MAJORITY_SUBSTITUTION
smart_meter_public_cellular,nbiot_ip_coap_dtls_lwm2m,feasible,end_to_end_application_latency_ms,hard_or_contextual_until_comparable_soft_evidence_exists,False,cellular_ip_latency,BRIDGEABLE,vomhoff_nbiot_ltem_energy_2023,device_phase_duration_s,NOT_MATERIALISED,NO_CONTRACT,identified_conditional_within_study_nonparametric,PROFILE_UNRESOLVED,cellular_ip_application_latency_bridge,phase_to_application_endpoint_mapping_not_materialised|candidate_stack_not_identical_to_source_context,Define the application-to-application endpoint and validate a phase-composition timing bridge; do not call capture/phase duration end-to-end latency directly.,PROFILE_UNRESOLVED,False,MAJORITY_SUBSTITUTION
smart_meter_public_cellular,nbiot_ip_coap_dtls_lwm2m,feasible,expected_device_energy_per_application_report_j,soft_candidate_for_first_decision_slice,True,cellular_ip_report_energy,BRIDGEABLE,vomhoff_nbiot_ltem_energy_2023,device_phase_energy_j,NOT_MATERIALISED,NO_CONTRACT,identified_conditional_within_study_nonparametric,PROFILE_UNRESOLVED,cellular_ip_report_energy_bridge,scenario_report_profile_not_materialised|source_application_stack_not_identical_to_candidate|phase_to_report_accounting_bridge_not_materialised,Define scenario-specific cellular report profiles and validate phase-to-report composition while preserving Vomhoff physical-run joint bootstrap semantics.,PROFILE_UNRESOLVED,False,MAJORITY_SUBSTITUTION
smart_meter_public_cellular,nbiot_ip_coap_dtls_lwm2m,feasible,feasible_link_probability,hard_or_contextual_until_scenario_link_model_is_identified,False,generic_coverage_missing,MISSING,,,NOT_MATERIALISED,NO_CONTRACT,no_scenario_link_source,MISSING,non_lora_scenario_link_probability_source,core_four_contains_no_candidate_aligned_scenario_coverage_model,Keep site/service availability in hard feasibility for the first decision slice; add technology-specific field/link models only if probabilistic coverage becomes decision-critical.,MISSING,False,MAJORITY_SUBSTITUTION
smart_meter_public_cellular,nbiot_ip_coap_dtls_lwm2m,feasible,lifecycle_cost_eur,soft_candidate_for_first_decision_slice,True,lifecycle_cost_all_candidates,MISSING,,,NOT_MATERIALISED,NO_CONTRACT,no_cost_evidence_contract,MISSING,lifecycle_cost_model,ownership_boundary_not_frozen|cost_horizon_not_frozen|hardware_infrastructure_subscription_maintenance_evidence_missing,Define a dated lifecycle-cost contract and source-backed low/reference/high cost evidence; keep smoke-test costs out of publication analysis.,MISSING,False,MAJORITY_SUBSTITUTION
smart_meter_public_cellular,nbiot_ip_mqtt_tls_lwm2m,feasible,delivery_probability,optional_soft_only_when_attempt_denominator_is_identified,False,generic_delivery_missing,MISSING,,,NOT_MATERIALISED,NO_CONTRACT,no_attempt_outcome_source,MISSING,non_lora_delivery_probability_source,core_four_contains_no_attempt_denominator_for_candidate,Add candidate-specific attempted-transmission outcome evidence only if delivery probability is retained as a soft criterion.,MISSING,False,MAJORITY_SUBSTITUTION
smart_meter_public_cellular,nbiot_ip_mqtt_tls_lwm2m,feasible,end_to_end_application_latency_ms,hard_or_contextual_until_comparable_soft_evidence_exists,False,cellular_ip_latency,BRIDGEABLE,vomhoff_nbiot_ltem_energy_2023,device_phase_duration_s,NOT_MATERIALISED,NO_CONTRACT,identified_conditional_within_study_nonparametric,PROFILE_UNRESOLVED,cellular_ip_application_latency_bridge,phase_to_application_endpoint_mapping_not_materialised|candidate_stack_not_identical_to_source_context,Define the application-to-application endpoint and validate a phase-composition timing bridge; do not call capture/phase duration end-to-end latency directly.,PROFILE_UNRESOLVED,False,MAJORITY_SUBSTITUTION
smart_meter_public_cellular,nbiot_ip_mqtt_tls_lwm2m,feasible,expected_device_energy_per_application_report_j,soft_candidate_for_first_decision_slice,True,cellular_ip_report_energy,BRIDGEABLE,vomhoff_nbiot_ltem_energy_2023,device_phase_energy_j,NOT_MATERIALISED,NO_CONTRACT,identified_conditional_within_study_nonparametric,PROFILE_UNRESOLVED,cellular_ip_report_energy_bridge,scenario_report_profile_not_materialised|source_application_stack_not_identical_to_candidate|phase_to_report_accounting_bridge_not_materialised,Define scenario-specific cellular report profiles and validate phase-to-report composition while preserving Vomhoff physical-run joint bootstrap semantics.,PROFILE_UNRESOLVED,False,MAJORITY_SUBSTITUTION
smart_meter_public_cellular,nbiot_ip_mqtt_tls_lwm2m,feasible,feasible_link_probability,hard_or_contextual_until_scenario_link_model_is_identified,False,generic_coverage_missing,MISSING,,,NOT_MATERIALISED,NO_CONTRACT,no_scenario_link_source,MISSING,non_lora_scenario_link_probability_source,core_four_contains_no_candidate_aligned_scenario_coverage_model,Keep site/service availability in hard feasibility for the first decision slice; add technology-specific field/link models only if probabilistic coverage becomes decision-critical.,MISSING,False,MAJORITY_SUBSTITUTION
smart_meter_public_cellular,nbiot_ip_mqtt_tls_lwm2m,feasible,lifecycle_cost_eur,soft_candidate_for_first_decision_slice,True,lifecycle_cost_all_candidates,MISSING,,,NOT_MATERIALISED,NO_CONTRACT,no_cost_evidence_contract,MISSING,lifecycle_cost_model,ownership_boundary_not_frozen|cost_horizon_not_frozen|hardware_infrastructure_subscription_maintenance_evidence_missing,Define a dated lifecycle-cost contract and source-backed low/reference/high cost evidence; keep smoke-test costs out of publication analysis.,MISSING,False,MAJORITY_SUBSTITUTION
smart_meter_public_cellular,nbiot_nonip_lwm2m,feasible,delivery_probability,optional_soft_only_when_attempt_denominator_is_identified,False,generic_delivery_missing,MISSING,,,NOT_MATERIALISED,NO_CONTRACT,no_attempt_outcome_source,MISSING,non_lora_delivery_probability_source,core_four_contains_no_attempt_denominator_for_candidate,Add candidate-specific attempted-transmission outcome evidence only if delivery probability is retained as a soft criterion.,MISSING,False,MAJORITY_SUBSTITUTION
smart_meter_public_cellular,nbiot_nonip_lwm2m,feasible,end_to_end_application_latency_ms,hard_or_contextual_until_comparable_soft_evidence_exists,False,cellular_nonip_latency,INCOMPATIBLE,vomhoff_nbiot_ltem_energy_2023,device_phase_duration_s,NOT_MATERIALISED,NO_CONTRACT,no_candidate_aligned_empirical_source,INCOMPATIBLE,cellular_nonip_application_latency_source,vomhoff_ip_context_not_transferable_to_ciot_nonip,Obtain matched Non-IP end-to-end timing evidence or a separately validated transfer model.,INCOMPATIBLE,False,MAJORITY_SUBSTITUTION
smart_meter_public_cellular,nbiot_nonip_lwm2m,feasible,expected_device_energy_per_application_report_j,soft_candidate_for_first_decision_slice,True,cellular_nonip_report_energy,INCOMPATIBLE,vomhoff_nbiot_ltem_energy_2023,device_phase_energy_j,NOT_MATERIALISED,NO_CONTRACT,no_candidate_aligned_empirical_source,INCOMPATIBLE,cellular_nonip_report_energy_source,vomhoff_ip_context_not_transferable_to_ciot_nonip,Obtain matched Non-IP whole-device/report evidence or validate an explicit IP-to-Non-IP transfer model; do not reuse Vomhoff IP phases directly.,INCOMPATIBLE,False,MAJORITY_SUBSTITUTION
smart_meter_public_cellular,nbiot_nonip_lwm2m,feasible,feasible_link_probability,hard_or_contextual_until_scenario_link_model_is_identified,False,generic_coverage_missing,MISSING,,,NOT_MATERIALISED,NO_CONTRACT,no_scenario_link_source,MISSING,non_lora_scenario_link_probability_source,core_four_contains_no_candidate_aligned_scenario_coverage_model,Keep site/service availability in hard feasibility for the first decision slice; add technology-specific field/link models only if probabilistic coverage becomes decision-critical.,MISSING,False,MAJORITY_SUBSTITUTION
smart_meter_public_cellular,nbiot_nonip_lwm2m,feasible,lifecycle_cost_eur,soft_candidate_for_first_decision_slice,True,lifecycle_cost_all_candidates,MISSING,,,NOT_MATERIALISED,NO_CONTRACT,no_cost_evidence_contract,MISSING,lifecycle_cost_model,ownership_boundary_not_frozen|cost_horizon_not_frozen|hardware_infrastructure_subscription_maintenance_evidence_missing,Define a dated lifecycle-cost contract and source-backed low/reference/high cost evidence; keep smoke-test costs out of publication analysis.,MISSING,False,MAJORITY_SUBSTITUTION
urban_nonip_dual_access,lorawan_lora_lwm2m_nonip,feasible,delivery_probability,optional_soft_only_when_attempt_denominator_is_identified,False,classical_lora_delivery,MISSING,loed_lorawan_edge_2020,gateway_rssi_dbm|gateway_snr_db,NOT_MATERIALISED,NO_CONTRACT,campaign_blocklength_robustness_not_delivery_probability,MISSING,lorawan_lora_delivery_attempt_denominator,attempted_transmission_denominator_absent|outcome_linked_delivery_model_absent|crc_fraction_prohibited_as_pdr,Add attempted-transmission outcomes or an externally validated outcome-linked LoRaWAN model; retain LoED only as conditional link evidence.,ROBUSTNESS_ONLY,True,MAJORITY_SUBSTITUTION
urban_nonip_dual_access,lorawan_lora_lwm2m_nonip,feasible,end_to_end_application_latency_ms,hard_or_contextual_until_comparable_soft_evidence_exists,False,classical_lora_latency,MISSING,loed_lorawan_edge_2020,,NOT_MATERIALISED,NO_CONTRACT,no_end_to_end_timing_source,MISSING,lorawan_lora_application_latency_source,gateway_reception_timestamps_do_not_define_application_latency,Obtain application-to-application latency measurements/model under a frozen LoRaWAN profile if latency is used beyond hard feasibility.,MISSING,False,MAJORITY_SUBSTITUTION
urban_nonip_dual_access,lorawan_lora_lwm2m_nonip,feasible,expected_device_energy_per_application_report_j,soft_candidate_for_first_decision_slice,True,classical_lora_report_energy,MISSING,loed_lorawan_edge_2020,,NOT_MATERIALISED,NO_CONTRACT,no_device_energy_source,MISSING,lorawan_lora_report_energy_source,loed_is_reception_side_only|no_classical_lora_device_energy_in_core_four,Add one matched whole-device classical-LoRa per-report energy source/model under an explicit LoRaWAN operating profile.,MISSING,False,MAJORITY_SUBSTITUTION
urban_nonip_dual_access,lorawan_lora_lwm2m_nonip,feasible,feasible_link_probability,hard_or_contextual_until_scenario_link_model_is_identified,False,classical_lora_coverage,CONDITIONAL_INPUT_ONLY,loed_lorawan_edge_2020,gateway_rssi_dbm|gateway_snr_db,NOT_MATERIALISED,NO_CONTRACT,campaign_blocklength_robustness,ROBUSTNESS_ONLY,lorawan_lora_scenario_link_model,scenario_geometry_not_bound|technology_specific_link_threshold_model_not_materialised,Build a scenario-conditioned LoRaWAN link model only when geometry/deployment assumptions are explicit; do not normalize RSSI/SNR across RATs.,ROBUSTNESS_ONLY,False,MAJORITY_SUBSTITUTION
urban_nonip_dual_access,lorawan_lora_lwm2m_nonip,feasible,lifecycle_cost_eur,soft_candidate_for_first_decision_slice,True,lifecycle_cost_all_candidates,MISSING,,,NOT_MATERIALISED,NO_CONTRACT,no_cost_evidence_contract,MISSING,lifecycle_cost_model,ownership_boundary_not_frozen|cost_horizon_not_frozen|hardware_infrastructure_subscription_maintenance_evidence_missing,Define a dated lifecycle-cost contract and source-backed low/reference/high cost evidence; keep smoke-test costs out of publication analysis.,MISSING,False,MAJORITY_SUBSTITUTION
urban_nonip_dual_access,lorawan_lrfhss_lwm2m_nonip,feasible,delivery_probability,optional_soft_only_when_attempt_denominator_is_identified,False,generic_delivery_missing,MISSING,,,NOT_MATERIALISED,NO_CONTRACT,no_attempt_outcome_source,MISSING,non_lora_delivery_probability_source,core_four_contains_no_attempt_denominator_for_candidate,Add candidate-specific attempted-transmission outcome evidence only if delivery probability is retained as a soft criterion.,MISSING,False,MAJORITY_SUBSTITUTION
urban_nonip_dual_access,lorawan_lrfhss_lwm2m_nonip,feasible,end_to_end_application_latency_ms,hard_or_contextual_until_comparable_soft_evidence_exists,False,lrfhss_latency,MISSING,lorawan_lrfhss_energy_2024,,NOT_MATERIALISED,NO_CONTRACT,no_end_to_end_timing_source,MISSING,lrfhss_application_latency_source,capture_duration_is_not_application_latency,Obtain matched stack-level timing evidence only if latency is needed as a soft decision criterion.,MISSING,False,MAJORITY_SUBSTITUTION
urban_nonip_dual_access,lorawan_lrfhss_lwm2m_nonip,feasible,expected_device_energy_per_application_report_j,soft_candidate_for_first_decision_slice,True,lrfhss_report_energy,BRIDGEABLE,lorawan_lrfhss_energy_2024,radio_incremental_transaction_energy_j,NOT_MATERIALISED,NO_CONTRACT,explicit_single_trace_epistemic_gap_plus_unweighted_variant_robustness,PROFILE_UNRESOLVED,lrfhss_whole_device_report_energy_bridge,radio_only_boundary|generic_deployment_variant_unidentified|whole_device_residual_energy_unidentified,Preserve the Stage-5D unweighted variant family; activate a whole-device bridge only with deployment/profile evidence and explicit residual-energy treatment.,PROFILE_UNRESOLVED,False,MAJORITY_SUBSTITUTION
urban_nonip_dual_access,lorawan_lrfhss_lwm2m_nonip,feasible,feasible_link_probability,hard_or_contextual_until_scenario_link_model_is_identified,False,generic_coverage_missing,MISSING,,,NOT_MATERIALISED,NO_CONTRACT,no_scenario_link_source,MISSING,non_lora_scenario_link_probability_source,core_four_contains_no_candidate_aligned_scenario_coverage_model,Keep site/service availability in hard feasibility for the first decision slice; add technology-specific field/link models only if probabilistic coverage becomes decision-critical.,MISSING,False,MAJORITY_SUBSTITUTION
urban_nonip_dual_access,lorawan_lrfhss_lwm2m_nonip,feasible,lifecycle_cost_eur,soft_candidate_for_first_decision_slice,True,lifecycle_cost_all_candidates,MISSING,,,NOT_MATERIALISED,NO_CONTRACT,no_cost_evidence_contract,MISSING,lifecycle_cost_model,ownership_boundary_not_frozen|cost_horizon_not_frozen|hardware_infrastructure_subscription_maintenance_evidence_missing,Define a dated lifecycle-cost contract and source-backed low/reference/high cost evidence; keep smoke-test costs out of publication analysis.,MISSING,False,MAJORITY_SUBSTITUTION
urban_nonip_dual_access,ltem_nonip_lwm2m,feasible,delivery_probability,optional_soft_only_when_attempt_denominator_is_identified,False,generic_delivery_missing,MISSING,,,NOT_MATERIALISED,NO_CONTRACT,no_attempt_outcome_source,MISSING,non_lora_delivery_probability_source,core_four_contains_no_attempt_denominator_for_candidate,Add candidate-specific attempted-transmission outcome evidence only if delivery probability is retained as a soft criterion.,MISSING,False,MAJORITY_SUBSTITUTION
urban_nonip_dual_access,ltem_nonip_lwm2m,feasible,end_to_end_application_latency_ms,hard_or_contextual_until_comparable_soft_evidence_exists,False,cellular_nonip_latency,INCOMPATIBLE,vomhoff_nbiot_ltem_energy_2023,device_phase_duration_s,NOT_MATERIALISED,NO_CONTRACT,no_candidate_aligned_empirical_source,INCOMPATIBLE,cellular_nonip_application_latency_source,vomhoff_ip_context_not_transferable_to_ciot_nonip,Obtain matched Non-IP end-to-end timing evidence or a separately validated transfer model.,INCOMPATIBLE,False,MAJORITY_SUBSTITUTION
urban_nonip_dual_access,ltem_nonip_lwm2m,feasible,expected_device_energy_per_application_report_j,soft_candidate_for_first_decision_slice,True,cellular_nonip_report_energy,INCOMPATIBLE,vomhoff_nbiot_ltem_energy_2023,device_phase_energy_j,NOT_MATERIALISED,NO_CONTRACT,no_candidate_aligned_empirical_source,INCOMPATIBLE,cellular_nonip_report_energy_source,vomhoff_ip_context_not_transferable_to_ciot_nonip,Obtain matched Non-IP whole-device/report evidence or validate an explicit IP-to-Non-IP transfer model; do not reuse Vomhoff IP phases directly.,INCOMPATIBLE,False,MAJORITY_SUBSTITUTION
urban_nonip_dual_access,ltem_nonip_lwm2m,feasible,feasible_link_probability,hard_or_contextual_until_scenario_link_model_is_identified,False,generic_coverage_missing,MISSING,,,NOT_MATERIALISED,NO_CONTRACT,no_scenario_link_source,MISSING,non_lora_scenario_link_probability_source,core_four_contains_no_candidate_aligned_scenario_coverage_model,Keep site/service availability in hard feasibility for the first decision slice; add technology-specific field/link models only if probabilistic coverage becomes decision-critical.,MISSING,False,MAJORITY_SUBSTITUTION
urban_nonip_dual_access,ltem_nonip_lwm2m,feasible,lifecycle_cost_eur,soft_candidate_for_first_decision_slice,True,lifecycle_cost_all_candidates,MISSING,,,NOT_MATERIALISED,NO_CONTRACT,no_cost_evidence_contract,MISSING,lifecycle_cost_model,ownership_boundary_not_frozen|cost_horizon_not_frozen|hardware_infrastructure_subscription_maintenance_evidence_missing,Define a dated lifecycle-cost contract and source-backed low/reference/high cost evidence; keep smoke-test costs out of publication analysis.,MISSING,False,MAJORITY_SUBSTITUTION
urban_nonip_dual_access,nbiot_nonip_lwm2m,feasible,delivery_probability,optional_soft_only_when_attempt_denominator_is_identified,False,generic_delivery_missing,MISSING,,,NOT_MATERIALISED,NO_CONTRACT,no_attempt_outcome_source,MISSING,non_lora_delivery_probability_source,core_four_contains_no_attempt_denominator_for_candidate,Add candidate-specific attempted-transmission outcome evidence only if delivery probability is retained as a soft criterion.,MISSING,False,MAJORITY_SUBSTITUTION
urban_nonip_dual_access,nbiot_nonip_lwm2m,feasible,end_to_end_application_latency_ms,hard_or_contextual_until_comparable_soft_evidence_exists,False,cellular_nonip_latency,INCOMPATIBLE,vomhoff_nbiot_ltem_energy_2023,device_phase_duration_s,NOT_MATERIALISED,NO_CONTRACT,no_candidate_aligned_empirical_source,INCOMPATIBLE,cellular_nonip_application_latency_source,vomhoff_ip_context_not_transferable_to_ciot_nonip,Obtain matched Non-IP end-to-end timing evidence or a separately validated transfer model.,INCOMPATIBLE,False,MAJORITY_SUBSTITUTION
urban_nonip_dual_access,nbiot_nonip_lwm2m,feasible,expected_device_energy_per_application_report_j,soft_candidate_for_first_decision_slice,True,cellular_nonip_report_energy,INCOMPATIBLE,vomhoff_nbiot_ltem_energy_2023,device_phase_energy_j,NOT_MATERIALISED,NO_CONTRACT,no_candidate_aligned_empirical_source,INCOMPATIBLE,cellular_nonip_report_energy_source,vomhoff_ip_context_not_transferable_to_ciot_nonip,Obtain matched Non-IP whole-device/report evidence or validate an explicit IP-to-Non-IP transfer model; do not reuse Vomhoff IP phases directly.,INCOMPATIBLE,False,MAJORITY_SUBSTITUTION
urban_nonip_dual_access,nbiot_nonip_lwm2m,feasible,feasible_link_probability,hard_or_contextual_until_scenario_link_model_is_identified,False,generic_coverage_missing,MISSING,,,NOT_MATERIALISED,NO_CONTRACT,no_scenario_link_source,MISSING,non_lora_scenario_link_probability_source,core_four_contains_no_candidate_aligned_scenario_coverage_model,Keep site/service availability in hard feasibility for the first decision slice; add technology-specific field/link models only if probabilistic coverage becomes decision-critical.,MISSING,False,MAJORITY_SUBSTITUTION
urban_nonip_dual_access,nbiot_nonip_lwm2m,feasible,lifecycle_cost_eur,soft_candidate_for_first_decision_slice,True,lifecycle_cost_all_candidates,MISSING,,,NOT_MATERIALISED,NO_CONTRACT,no_cost_evidence_contract,MISSING,lifecycle_cost_model,ownership_boundary_not_frozen|cost_horizon_not_frozen|hardware_infrastructure_subscription_maintenance_evidence_missing,Define a dated lifecycle-cost contract and source-backed low/reference/high cost evidence; keep smoke-test costs out of publication analysis.,MISSING,False,MAJORITY_SUBSTITUTION
asset_tracking_connected_handover,ltem_ip_coap_dtls_lwm2m,feasible,delivery_probability,optional_soft_only_when_attempt_denominator_is_identified,False,generic_delivery_missing,MISSING,,,NOT_MATERIALISED,NO_CONTRACT,no_attempt_outcome_source,MISSING,non_lora_delivery_probability_source,core_four_contains_no_attempt_denominator_for_candidate,Add candidate-specific attempted-transmission outcome evidence only if delivery probability is retained as a soft criterion.,MISSING,False,CONSERVATIVE_MAJORITY
asset_tracking_connected_handover,ltem_ip_coap_dtls_lwm2m,feasible,end_to_end_application_latency_ms,hard_or_contextual_until_comparable_soft_evidence_exists,False,cellular_ip_latency,BRIDGEABLE,vomhoff_nbiot_ltem_energy_2023,device_phase_duration_s,NOT_MATERIALISED,NO_CONTRACT,identified_conditional_within_study_nonparametric,PROFILE_UNRESOLVED,cellular_ip_application_latency_bridge,phase_to_application_endpoint_mapping_not_materialised|candidate_stack_not_identical_to_source_context,Define the application-to-application endpoint and validate a phase-composition timing bridge; do not call capture/phase duration end-to-end latency directly.,PROFILE_UNRESOLVED,False,CONSERVATIVE_MAJORITY
asset_tracking_connected_handover,ltem_ip_coap_dtls_lwm2m,feasible,expected_device_energy_per_application_report_j,soft_candidate_for_first_decision_slice,True,cellular_ip_report_energy,BRIDGEABLE,vomhoff_nbiot_ltem_energy_2023,device_phase_energy_j,NOT_MATERIALISED,NO_CONTRACT,identified_conditional_within_study_nonparametric,PROFILE_UNRESOLVED,cellular_ip_report_energy_bridge,scenario_report_profile_not_materialised|source_application_stack_not_identical_to_candidate|phase_to_report_accounting_bridge_not_materialised,Define scenario-specific cellular report profiles and validate phase-to-report composition while preserving Vomhoff physical-run joint bootstrap semantics.,PROFILE_UNRESOLVED,False,CONSERVATIVE_MAJORITY
asset_tracking_connected_handover,ltem_ip_coap_dtls_lwm2m,feasible,feasible_link_probability,hard_or_contextual_until_scenario_link_model_is_identified,False,generic_coverage_missing,MISSING,,,NOT_MATERIALISED,NO_CONTRACT,no_scenario_link_source,MISSING,non_lora_scenario_link_probability_source,core_four_contains_no_candidate_aligned_scenario_coverage_model,Keep site/service availability in hard feasibility for the first decision slice; add technology-specific field/link models only if probabilistic coverage becomes decision-critical.,MISSING,False,CONSERVATIVE_MAJORITY
asset_tracking_connected_handover,ltem_ip_coap_dtls_lwm2m,feasible,lifecycle_cost_eur,soft_candidate_for_first_decision_slice,True,lifecycle_cost_all_candidates,MISSING,,,NOT_MATERIALISED,NO_CONTRACT,no_cost_evidence_contract,MISSING,lifecycle_cost_model,ownership_boundary_not_frozen|cost_horizon_not_frozen|hardware_infrastructure_subscription_maintenance_evidence_missing,Define a dated lifecycle-cost contract and source-backed low/reference/high cost evidence; keep smoke-test costs out of publication analysis.,MISSING,False,CONSERVATIVE_MAJORITY
asset_tracking_connected_handover,ltem_ip_mqtt_tls_lwm2m,feasible,delivery_probability,optional_soft_only_when_attempt_denominator_is_identified,False,generic_delivery_missing,MISSING,,,NOT_MATERIALISED,NO_CONTRACT,no_attempt_outcome_source,MISSING,non_lora_delivery_probability_source,core_four_contains_no_attempt_denominator_for_candidate,Add candidate-specific attempted-transmission outcome evidence only if delivery probability is retained as a soft criterion.,MISSING,False,CONSERVATIVE_MAJORITY
asset_tracking_connected_handover,ltem_ip_mqtt_tls_lwm2m,feasible,end_to_end_application_latency_ms,hard_or_contextual_until_comparable_soft_evidence_exists,False,cellular_ip_latency,BRIDGEABLE,vomhoff_nbiot_ltem_energy_2023,device_phase_duration_s,NOT_MATERIALISED,NO_CONTRACT,identified_conditional_within_study_nonparametric,PROFILE_UNRESOLVED,cellular_ip_application_latency_bridge,phase_to_application_endpoint_mapping_not_materialised|candidate_stack_not_identical_to_source_context,Define the application-to-application endpoint and validate a phase-composition timing bridge; do not call capture/phase duration end-to-end latency directly.,PROFILE_UNRESOLVED,False,CONSERVATIVE_MAJORITY
asset_tracking_connected_handover,ltem_ip_mqtt_tls_lwm2m,feasible,expected_device_energy_per_application_report_j,soft_candidate_for_first_decision_slice,True,cellular_ip_report_energy,BRIDGEABLE,vomhoff_nbiot_ltem_energy_2023,device_phase_energy_j,NOT_MATERIALISED,NO_CONTRACT,identified_conditional_within_study_nonparametric,PROFILE_UNRESOLVED,cellular_ip_report_energy_bridge,scenario_report_profile_not_materialised|source_application_stack_not_identical_to_candidate|phase_to_report_accounting_bridge_not_materialised,Define scenario-specific cellular report profiles and validate phase-to-report composition while preserving Vomhoff physical-run joint bootstrap semantics.,PROFILE_UNRESOLVED,False,CONSERVATIVE_MAJORITY
asset_tracking_connected_handover,ltem_ip_mqtt_tls_lwm2m,feasible,feasible_link_probability,hard_or_contextual_until_scenario_link_model_is_identified,False,generic_coverage_missing,MISSING,,,NOT_MATERIALISED,NO_CONTRACT,no_scenario_link_source,MISSING,non_lora_scenario_link_probability_source,core_four_contains_no_candidate_aligned_scenario_coverage_model,Keep site/service availability in hard feasibility for the first decision slice; add technology-specific field/link models only if probabilistic coverage becomes decision-critical.,MISSING,False,CONSERVATIVE_MAJORITY
asset_tracking_connected_handover,ltem_ip_mqtt_tls_lwm2m,feasible,lifecycle_cost_eur,soft_candidate_for_first_decision_slice,True,lifecycle_cost_all_candidates,MISSING,,,NOT_MATERIALISED,NO_CONTRACT,no_cost_evidence_contract,MISSING,lifecycle_cost_model,ownership_boundary_not_frozen|cost_horizon_not_frozen|hardware_infrastructure_subscription_maintenance_evidence_missing,Define a dated lifecycle-cost contract and source-backed low/reference/high cost evidence; keep smoke-test costs out of publication analysis.,MISSING,False,CONSERVATIVE_MAJORITY
asset_tracking_connected_handover,ltem_nonip_lwm2m,feasible,delivery_probability,optional_soft_only_when_attempt_denominator_is_identified,False,generic_delivery_missing,MISSING,,,NOT_MATERIALISED,NO_CONTRACT,no_attempt_outcome_source,MISSING,non_lora_delivery_probability_source,core_four_contains_no_attempt_denominator_for_candidate,Add candidate-specific attempted-transmission outcome evidence only if delivery probability is retained as a soft criterion.,MISSING,False,CONSERVATIVE_MAJORITY
asset_tracking_connected_handover,ltem_nonip_lwm2m,feasible,end_to_end_application_latency_ms,hard_or_contextual_until_comparable_soft_evidence_exists,False,cellular_nonip_latency,INCOMPATIBLE,vomhoff_nbiot_ltem_energy_2023,device_phase_duration_s,NOT_MATERIALISED,NO_CONTRACT,no_candidate_aligned_empirical_source,INCOMPATIBLE,cellular_nonip_application_latency_source,vomhoff_ip_context_not_transferable_to_ciot_nonip,Obtain matched Non-IP end-to-end timing evidence or a separately validated transfer model.,INCOMPATIBLE,False,CONSERVATIVE_MAJORITY
asset_tracking_connected_handover,ltem_nonip_lwm2m,feasible,expected_device_energy_per_application_report_j,soft_candidate_for_first_decision_slice,True,cellular_nonip_report_energy,INCOMPATIBLE,vomhoff_nbiot_ltem_energy_2023,device_phase_energy_j,NOT_MATERIALISED,NO_CONTRACT,no_candidate_aligned_empirical_source,INCOMPATIBLE,cellular_nonip_report_energy_source,vomhoff_ip_context_not_transferable_to_ciot_nonip,Obtain matched Non-IP whole-device/report evidence or validate an explicit IP-to-Non-IP transfer model; do not reuse Vomhoff IP phases directly.,INCOMPATIBLE,False,CONSERVATIVE_MAJORITY
asset_tracking_connected_handover,ltem_nonip_lwm2m,feasible,feasible_link_probability,hard_or_contextual_until_scenario_link_model_is_identified,False,generic_coverage_missing,MISSING,,,NOT_MATERIALISED,NO_CONTRACT,no_scenario_link_source,MISSING,non_lora_scenario_link_probability_source,core_four_contains_no_candidate_aligned_scenario_coverage_model,Keep site/service availability in hard feasibility for the first decision slice; add technology-specific field/link models only if probabilistic coverage becomes decision-critical.,MISSING,False,CONSERVATIVE_MAJORITY
asset_tracking_connected_handover,ltem_nonip_lwm2m,feasible,lifecycle_cost_eur,soft_candidate_for_first_decision_slice,True,lifecycle_cost_all_candidates,MISSING,,,NOT_MATERIALISED,NO_CONTRACT,no_cost_evidence_contract,MISSING,lifecycle_cost_model,ownership_boundary_not_frozen|cost_horizon_not_frozen|hardware_infrastructure_subscription_maintenance_evidence_missing,Define a dated lifecycle-cost contract and source-backed low/reference/high cost evidence; keep smoke-test costs out of publication analysis.,MISSING,False,CONSERVATIVE_MAJORITY
asset_tracking_periodic_cross_cell,ltem_ip_coap_dtls_lwm2m,feasible,delivery_probability,optional_soft_only_when_attempt_denominator_is_identified,False,generic_delivery_missing,MISSING,,,NOT_MATERIALISED,NO_CONTRACT,no_attempt_outcome_source,MISSING,non_lora_delivery_probability_source,core_four_contains_no_attempt_denominator_for_candidate,Add candidate-specific attempted-transmission outcome evidence only if delivery probability is retained as a soft criterion.,MISSING,False,CONSERVATIVE_MAJORITY
asset_tracking_periodic_cross_cell,ltem_ip_coap_dtls_lwm2m,feasible,end_to_end_application_latency_ms,hard_or_contextual_until_comparable_soft_evidence_exists,False,cellular_ip_latency,BRIDGEABLE,vomhoff_nbiot_ltem_energy_2023,device_phase_duration_s,NOT_MATERIALISED,NO_CONTRACT,identified_conditional_within_study_nonparametric,PROFILE_UNRESOLVED,cellular_ip_application_latency_bridge,phase_to_application_endpoint_mapping_not_materialised|candidate_stack_not_identical_to_source_context,Define the application-to-application endpoint and validate a phase-composition timing bridge; do not call capture/phase duration end-to-end latency directly.,PROFILE_UNRESOLVED,False,CONSERVATIVE_MAJORITY
asset_tracking_periodic_cross_cell,ltem_ip_coap_dtls_lwm2m,feasible,expected_device_energy_per_application_report_j,soft_candidate_for_first_decision_slice,True,cellular_ip_report_energy,BRIDGEABLE,vomhoff_nbiot_ltem_energy_2023,device_phase_energy_j,NOT_MATERIALISED,NO_CONTRACT,identified_conditional_within_study_nonparametric,PROFILE_UNRESOLVED,cellular_ip_report_energy_bridge,scenario_report_profile_not_materialised|source_application_stack_not_identical_to_candidate|phase_to_report_accounting_bridge_not_materialised,Define scenario-specific cellular report profiles and validate phase-to-report composition while preserving Vomhoff physical-run joint bootstrap semantics.,PROFILE_UNRESOLVED,False,CONSERVATIVE_MAJORITY
asset_tracking_periodic_cross_cell,ltem_ip_coap_dtls_lwm2m,feasible,feasible_link_probability,hard_or_contextual_until_scenario_link_model_is_identified,False,generic_coverage_missing,MISSING,,,NOT_MATERIALISED,NO_CONTRACT,no_scenario_link_source,MISSING,non_lora_scenario_link_probability_source,core_four_contains_no_candidate_aligned_scenario_coverage_model,Keep site/service availability in hard feasibility for the first decision slice; add technology-specific field/link models only if probabilistic coverage becomes decision-critical.,MISSING,False,CONSERVATIVE_MAJORITY
asset_tracking_periodic_cross_cell,ltem_ip_coap_dtls_lwm2m,feasible,lifecycle_cost_eur,soft_candidate_for_first_decision_slice,True,lifecycle_cost_all_candidates,MISSING,,,NOT_MATERIALISED,NO_CONTRACT,no_cost_evidence_contract,MISSING,lifecycle_cost_model,ownership_boundary_not_frozen|cost_horizon_not_frozen|hardware_infrastructure_subscription_maintenance_evidence_missing,Define a dated lifecycle-cost contract and source-backed low/reference/high cost evidence; keep smoke-test costs out of publication analysis.,MISSING,False,CONSERVATIVE_MAJORITY
asset_tracking_periodic_cross_cell,ltem_ip_mqtt_tls_lwm2m,feasible,delivery_probability,optional_soft_only_when_attempt_denominator_is_identified,False,generic_delivery_missing,MISSING,,,NOT_MATERIALISED,NO_CONTRACT,no_attempt_outcome_source,MISSING,non_lora_delivery_probability_source,core_four_contains_no_attempt_denominator_for_candidate,Add candidate-specific attempted-transmission outcome evidence only if delivery probability is retained as a soft criterion.,MISSING,False,CONSERVATIVE_MAJORITY
asset_tracking_periodic_cross_cell,ltem_ip_mqtt_tls_lwm2m,feasible,end_to_end_application_latency_ms,hard_or_contextual_until_comparable_soft_evidence_exists,False,cellular_ip_latency,BRIDGEABLE,vomhoff_nbiot_ltem_energy_2023,device_phase_duration_s,NOT_MATERIALISED,NO_CONTRACT,identified_conditional_within_study_nonparametric,PROFILE_UNRESOLVED,cellular_ip_application_latency_bridge,phase_to_application_endpoint_mapping_not_materialised|candidate_stack_not_identical_to_source_context,Define the application-to-application endpoint and validate a phase-composition timing bridge; do not call capture/phase duration end-to-end latency directly.,PROFILE_UNRESOLVED,False,CONSERVATIVE_MAJORITY
asset_tracking_periodic_cross_cell,ltem_ip_mqtt_tls_lwm2m,feasible,expected_device_energy_per_application_report_j,soft_candidate_for_first_decision_slice,True,cellular_ip_report_energy,BRIDGEABLE,vomhoff_nbiot_ltem_energy_2023,device_phase_energy_j,NOT_MATERIALISED,NO_CONTRACT,identified_conditional_within_study_nonparametric,PROFILE_UNRESOLVED,cellular_ip_report_energy_bridge,scenario_report_profile_not_materialised|source_application_stack_not_identical_to_candidate|phase_to_report_accounting_bridge_not_materialised,Define scenario-specific cellular report profiles and validate phase-to-report composition while preserving Vomhoff physical-run joint bootstrap semantics.,PROFILE_UNRESOLVED,False,CONSERVATIVE_MAJORITY
asset_tracking_periodic_cross_cell,ltem_ip_mqtt_tls_lwm2m,feasible,feasible_link_probability,hard_or_contextual_until_scenario_link_model_is_identified,False,generic_coverage_missing,MISSING,,,NOT_MATERIALISED,NO_CONTRACT,no_scenario_link_source,MISSING,non_lora_scenario_link_probability_source,core_four_contains_no_candidate_aligned_scenario_coverage_model,Keep site/service availability in hard feasibility for the first decision slice; add technology-specific field/link models only if probabilistic coverage becomes decision-critical.,MISSING,False,CONSERVATIVE_MAJORITY
asset_tracking_periodic_cross_cell,ltem_ip_mqtt_tls_lwm2m,feasible,lifecycle_cost_eur,soft_candidate_for_first_decision_slice,True,lifecycle_cost_all_candidates,MISSING,,,NOT_MATERIALISED,NO_CONTRACT,no_cost_evidence_contract,MISSING,lifecycle_cost_model,ownership_boundary_not_frozen|cost_horizon_not_frozen|hardware_infrastructure_subscription_maintenance_evidence_missing,Define a dated lifecycle-cost contract and source-backed low/reference/high cost evidence; keep smoke-test costs out of publication analysis.,MISSING,False,CONSERVATIVE_MAJORITY
asset_tracking_periodic_cross_cell,ltem_nonip_lwm2m,feasible,delivery_probability,optional_soft_only_when_attempt_denominator_is_identified,False,generic_delivery_missing,MISSING,,,NOT_MATERIALISED,NO_CONTRACT,no_attempt_outcome_source,MISSING,non_lora_delivery_probability_source,core_four_contains_no_attempt_denominator_for_candidate,Add candidate-specific attempted-transmission outcome evidence only if delivery probability is retained as a soft criterion.,MISSING,False,CONSERVATIVE_MAJORITY
asset_tracking_periodic_cross_cell,ltem_nonip_lwm2m,feasible,end_to_end_application_latency_ms,hard_or_contextual_until_comparable_soft_evidence_exists,False,cellular_nonip_latency,INCOMPATIBLE,vomhoff_nbiot_ltem_energy_2023,device_phase_duration_s,NOT_MATERIALISED,NO_CONTRACT,no_candidate_aligned_empirical_source,INCOMPATIBLE,cellular_nonip_application_latency_source,vomhoff_ip_context_not_transferable_to_ciot_nonip,Obtain matched Non-IP end-to-end timing evidence or a separately validated transfer model.,INCOMPATIBLE,False,CONSERVATIVE_MAJORITY
asset_tracking_periodic_cross_cell,ltem_nonip_lwm2m,feasible,expected_device_energy_per_application_report_j,soft_candidate_for_first_decision_slice,True,cellular_nonip_report_energy,INCOMPATIBLE,vomhoff_nbiot_ltem_energy_2023,device_phase_energy_j,NOT_MATERIALISED,NO_CONTRACT,no_candidate_aligned_empirical_source,INCOMPATIBLE,cellular_nonip_report_energy_source,vomhoff_ip_context_not_transferable_to_ciot_nonip,Obtain matched Non-IP whole-device/report evidence or validate an explicit IP-to-Non-IP transfer model; do not reuse Vomhoff IP phases directly.,INCOMPATIBLE,False,CONSERVATIVE_MAJORITY
asset_tracking_periodic_cross_cell,ltem_nonip_lwm2m,feasible,feasible_link_probability,hard_or_contextual_until_scenario_link_model_is_identified,False,generic_coverage_missing,MISSING,,,NOT_MATERIALISED,NO_CONTRACT,no_scenario_link_source,MISSING,non_lora_scenario_link_probability_source,core_four_contains_no_candidate_aligned_scenario_coverage_model,Keep site/service availability in hard feasibility for the first decision slice; add technology-specific field/link models only if probabilistic coverage becomes decision-critical.,MISSING,False,CONSERVATIVE_MAJORITY
asset_tracking_periodic_cross_cell,ltem_nonip_lwm2m,feasible,lifecycle_cost_eur,soft_candidate_for_first_decision_slice,True,lifecycle_cost_all_candidates,MISSING,,,NOT_MATERIALISED,NO_CONTRACT,no_cost_evidence_contract,MISSING,lifecycle_cost_model,ownership_boundary_not_frozen|cost_horizon_not_frozen|hardware_infrastructure_subscription_maintenance_evidence_missing,Define a dated lifecycle-cost contract and source-backed low/reference/high cost evidence; keep smoke-test costs out of publication analysis.,MISSING,False,CONSERVATIVE_MAJORITY
asset_tracking_periodic_cross_cell,nbiot_ip_coap_dtls_lwm2m,feasible,delivery_probability,optional_soft_only_when_attempt_denominator_is_identified,False,generic_delivery_missing,MISSING,,,NOT_MATERIALISED,NO_CONTRACT,no_attempt_outcome_source,MISSING,non_lora_delivery_probability_source,core_four_contains_no_attempt_denominator_for_candidate,Add candidate-specific attempted-transmission outcome evidence only if delivery probability is retained as a soft criterion.,MISSING,False,CONSERVATIVE_MAJORITY
asset_tracking_periodic_cross_cell,nbiot_ip_coap_dtls_lwm2m,feasible,end_to_end_application_latency_ms,hard_or_contextual_until_comparable_soft_evidence_exists,False,cellular_ip_latency,BRIDGEABLE,vomhoff_nbiot_ltem_energy_2023,device_phase_duration_s,NOT_MATERIALISED,NO_CONTRACT,identified_conditional_within_study_nonparametric,PROFILE_UNRESOLVED,cellular_ip_application_latency_bridge,phase_to_application_endpoint_mapping_not_materialised|candidate_stack_not_identical_to_source_context,Define the application-to-application endpoint and validate a phase-composition timing bridge; do not call capture/phase duration end-to-end latency directly.,PROFILE_UNRESOLVED,False,CONSERVATIVE_MAJORITY
asset_tracking_periodic_cross_cell,nbiot_ip_coap_dtls_lwm2m,feasible,expected_device_energy_per_application_report_j,soft_candidate_for_first_decision_slice,True,cellular_ip_report_energy,BRIDGEABLE,vomhoff_nbiot_ltem_energy_2023,device_phase_energy_j,NOT_MATERIALISED,NO_CONTRACT,identified_conditional_within_study_nonparametric,PROFILE_UNRESOLVED,cellular_ip_report_energy_bridge,scenario_report_profile_not_materialised|source_application_stack_not_identical_to_candidate|phase_to_report_accounting_bridge_not_materialised,Define scenario-specific cellular report profiles and validate phase-to-report composition while preserving Vomhoff physical-run joint bootstrap semantics.,PROFILE_UNRESOLVED,False,CONSERVATIVE_MAJORITY
asset_tracking_periodic_cross_cell,nbiot_ip_coap_dtls_lwm2m,feasible,feasible_link_probability,hard_or_contextual_until_scenario_link_model_is_identified,False,generic_coverage_missing,MISSING,,,NOT_MATERIALISED,NO_CONTRACT,no_scenario_link_source,MISSING,non_lora_scenario_link_probability_source,core_four_contains_no_candidate_aligned_scenario_coverage_model,Keep site/service availability in hard feasibility for the first decision slice; add technology-specific field/link models only if probabilistic coverage becomes decision-critical.,MISSING,False,CONSERVATIVE_MAJORITY
asset_tracking_periodic_cross_cell,nbiot_ip_coap_dtls_lwm2m,feasible,lifecycle_cost_eur,soft_candidate_for_first_decision_slice,True,lifecycle_cost_all_candidates,MISSING,,,NOT_MATERIALISED,NO_CONTRACT,no_cost_evidence_contract,MISSING,lifecycle_cost_model,ownership_boundary_not_frozen|cost_horizon_not_frozen|hardware_infrastructure_subscription_maintenance_evidence_missing,Define a dated lifecycle-cost contract and source-backed low/reference/high cost evidence; keep smoke-test costs out of publication analysis.,MISSING,False,CONSERVATIVE_MAJORITY
asset_tracking_periodic_cross_cell,nbiot_ip_mqtt_tls_lwm2m,feasible,delivery_probability,optional_soft_only_when_attempt_denominator_is_identified,False,generic_delivery_missing,MISSING,,,NOT_MATERIALISED,NO_CONTRACT,no_attempt_outcome_source,MISSING,non_lora_delivery_probability_source,core_four_contains_no_attempt_denominator_for_candidate,Add candidate-specific attempted-transmission outcome evidence only if delivery probability is retained as a soft criterion.,MISSING,False,CONSERVATIVE_MAJORITY
asset_tracking_periodic_cross_cell,nbiot_ip_mqtt_tls_lwm2m,feasible,end_to_end_application_latency_ms,hard_or_contextual_until_comparable_soft_evidence_exists,False,cellular_ip_latency,BRIDGEABLE,vomhoff_nbiot_ltem_energy_2023,device_phase_duration_s,NOT_MATERIALISED,NO_CONTRACT,identified_conditional_within_study_nonparametric,PROFILE_UNRESOLVED,cellular_ip_application_latency_bridge,phase_to_application_endpoint_mapping_not_materialised|candidate_stack_not_identical_to_source_context,Define the application-to-application endpoint and validate a phase-composition timing bridge; do not call capture/phase duration end-to-end latency directly.,PROFILE_UNRESOLVED,False,CONSERVATIVE_MAJORITY
asset_tracking_periodic_cross_cell,nbiot_ip_mqtt_tls_lwm2m,feasible,expected_device_energy_per_application_report_j,soft_candidate_for_first_decision_slice,True,cellular_ip_report_energy,BRIDGEABLE,vomhoff_nbiot_ltem_energy_2023,device_phase_energy_j,NOT_MATERIALISED,NO_CONTRACT,identified_conditional_within_study_nonparametric,PROFILE_UNRESOLVED,cellular_ip_report_energy_bridge,scenario_report_profile_not_materialised|source_application_stack_not_identical_to_candidate|phase_to_report_accounting_bridge_not_materialised,Define scenario-specific cellular report profiles and validate phase-to-report composition while preserving Vomhoff physical-run joint bootstrap semantics.,PROFILE_UNRESOLVED,False,CONSERVATIVE_MAJORITY
asset_tracking_periodic_cross_cell,nbiot_ip_mqtt_tls_lwm2m,feasible,feasible_link_probability,hard_or_contextual_until_scenario_link_model_is_identified,False,generic_coverage_missing,MISSING,,,NOT_MATERIALISED,NO_CONTRACT,no_scenario_link_source,MISSING,non_lora_scenario_link_probability_source,core_four_contains_no_candidate_aligned_scenario_coverage_model,Keep site/service availability in hard feasibility for the first decision slice; add technology-specific field/link models only if probabilistic coverage becomes decision-critical.,MISSING,False,CONSERVATIVE_MAJORITY
asset_tracking_periodic_cross_cell,nbiot_ip_mqtt_tls_lwm2m,feasible,lifecycle_cost_eur,soft_candidate_for_first_decision_slice,True,lifecycle_cost_all_candidates,MISSING,,,NOT_MATERIALISED,NO_CONTRACT,no_cost_evidence_contract,MISSING,lifecycle_cost_model,ownership_boundary_not_frozen|cost_horizon_not_frozen|hardware_infrastructure_subscription_maintenance_evidence_missing,Define a dated lifecycle-cost contract and source-backed low/reference/high cost evidence; keep smoke-test costs out of publication analysis.,MISSING,False,CONSERVATIVE_MAJORITY
asset_tracking_periodic_cross_cell,nbiot_nonip_lwm2m,feasible,delivery_probability,optional_soft_only_when_attempt_denominator_is_identified,False,generic_delivery_missing,MISSING,,,NOT_MATERIALISED,NO_CONTRACT,no_attempt_outcome_source,MISSING,non_lora_delivery_probability_source,core_four_contains_no_attempt_denominator_for_candidate,Add candidate-specific attempted-transmission outcome evidence only if delivery probability is retained as a soft criterion.,MISSING,False,CONSERVATIVE_MAJORITY
asset_tracking_periodic_cross_cell,nbiot_nonip_lwm2m,feasible,end_to_end_application_latency_ms,hard_or_contextual_until_comparable_soft_evidence_exists,False,cellular_nonip_latency,INCOMPATIBLE,vomhoff_nbiot_ltem_energy_2023,device_phase_duration_s,NOT_MATERIALISED,NO_CONTRACT,no_candidate_aligned_empirical_source,INCOMPATIBLE,cellular_nonip_application_latency_source,vomhoff_ip_context_not_transferable_to_ciot_nonip,Obtain matched Non-IP end-to-end timing evidence or a separately validated transfer model.,INCOMPATIBLE,False,CONSERVATIVE_MAJORITY
asset_tracking_periodic_cross_cell,nbiot_nonip_lwm2m,feasible,expected_device_energy_per_application_report_j,soft_candidate_for_first_decision_slice,True,cellular_nonip_report_energy,INCOMPATIBLE,vomhoff_nbiot_ltem_energy_2023,device_phase_energy_j,NOT_MATERIALISED,NO_CONTRACT,no_candidate_aligned_empirical_source,INCOMPATIBLE,cellular_nonip_report_energy_source,vomhoff_ip_context_not_transferable_to_ciot_nonip,Obtain matched Non-IP whole-device/report evidence or validate an explicit IP-to-Non-IP transfer model; do not reuse Vomhoff IP phases directly.,INCOMPATIBLE,False,CONSERVATIVE_MAJORITY
asset_tracking_periodic_cross_cell,nbiot_nonip_lwm2m,feasible,feasible_link_probability,hard_or_contextual_until_scenario_link_model_is_identified,False,generic_coverage_missing,MISSING,,,NOT_MATERIALISED,NO_CONTRACT,no_scenario_link_source,MISSING,non_lora_scenario_link_probability_source,core_four_contains_no_candidate_aligned_scenario_coverage_model,Keep site/service availability in hard feasibility for the first decision slice; add technology-specific field/link models only if probabilistic coverage becomes decision-critical.,MISSING,False,CONSERVATIVE_MAJORITY
asset_tracking_periodic_cross_cell,nbiot_nonip_lwm2m,feasible,lifecycle_cost_eur,soft_candidate_for_first_decision_slice,True,lifecycle_cost_all_candidates,MISSING,,,NOT_MATERIALISED,NO_CONTRACT,no_cost_evidence_contract,MISSING,lifecycle_cost_model,ownership_boundary_not_frozen|cost_horizon_not_frozen|hardware_infrastructure_subscription_maintenance_evidence_missing,Define a dated lifecycle-cost contract and source-backed low/reference/high cost evidence; keep smoke-test costs out of publication analysis.,MISSING,False,CONSERVATIVE_MAJORITY
environmental_private_lorawan,lorawan_lora_lwm2m_nonip,feasible,delivery_probability,optional_soft_only_when_attempt_denominator_is_identified,False,classical_lora_delivery,MISSING,loed_lorawan_edge_2020,gateway_rssi_dbm|gateway_snr_db,NOT_MATERIALISED,NO_CONTRACT,campaign_blocklength_robustness_not_delivery_probability,MISSING,lorawan_lora_delivery_attempt_denominator,attempted_transmission_denominator_absent|outcome_linked_delivery_model_absent|crc_fraction_prohibited_as_pdr,Add attempted-transmission outcomes or an externally validated outcome-linked LoRaWAN model; retain LoED only as conditional link evidence.,ROBUSTNESS_ONLY,True,CONSERVATIVE_MAJORITY
environmental_private_lorawan,lorawan_lora_lwm2m_nonip,feasible,end_to_end_application_latency_ms,hard_or_contextual_until_comparable_soft_evidence_exists,False,classical_lora_latency,MISSING,loed_lorawan_edge_2020,,NOT_MATERIALISED,NO_CONTRACT,no_end_to_end_timing_source,MISSING,lorawan_lora_application_latency_source,gateway_reception_timestamps_do_not_define_application_latency,Obtain application-to-application latency measurements/model under a frozen LoRaWAN profile if latency is used beyond hard feasibility.,MISSING,False,CONSERVATIVE_MAJORITY
environmental_private_lorawan,lorawan_lora_lwm2m_nonip,feasible,expected_device_energy_per_application_report_j,soft_candidate_for_first_decision_slice,True,classical_lora_report_energy,MISSING,loed_lorawan_edge_2020,,NOT_MATERIALISED,NO_CONTRACT,no_device_energy_source,MISSING,lorawan_lora_report_energy_source,loed_is_reception_side_only|no_classical_lora_device_energy_in_core_four,Add one matched whole-device classical-LoRa per-report energy source/model under an explicit LoRaWAN operating profile.,MISSING,False,CONSERVATIVE_MAJORITY
environmental_private_lorawan,lorawan_lora_lwm2m_nonip,feasible,feasible_link_probability,hard_or_contextual_until_scenario_link_model_is_identified,False,classical_lora_coverage,CONDITIONAL_INPUT_ONLY,loed_lorawan_edge_2020,gateway_rssi_dbm|gateway_snr_db,NOT_MATERIALISED,NO_CONTRACT,campaign_blocklength_robustness,ROBUSTNESS_ONLY,lorawan_lora_scenario_link_model,scenario_geometry_not_bound|technology_specific_link_threshold_model_not_materialised,Build a scenario-conditioned LoRaWAN link model only when geometry/deployment assumptions are explicit; do not normalize RSSI/SNR across RATs.,ROBUSTNESS_ONLY,False,CONSERVATIVE_MAJORITY
environmental_private_lorawan,lorawan_lora_lwm2m_nonip,feasible,lifecycle_cost_eur,soft_candidate_for_first_decision_slice,True,lifecycle_cost_all_candidates,MISSING,,,NOT_MATERIALISED,NO_CONTRACT,no_cost_evidence_contract,MISSING,lifecycle_cost_model,ownership_boundary_not_frozen|cost_horizon_not_frozen|hardware_infrastructure_subscription_maintenance_evidence_missing,Define a dated lifecycle-cost contract and source-backed low/reference/high cost evidence; keep smoke-test costs out of publication analysis.,MISSING,False,CONSERVATIVE_MAJORITY
environmental_private_lorawan,lorawan_lrfhss_lwm2m_nonip,feasible,delivery_probability,optional_soft_only_when_attempt_denominator_is_identified,False,generic_delivery_missing,MISSING,,,NOT_MATERIALISED,NO_CONTRACT,no_attempt_outcome_source,MISSING,non_lora_delivery_probability_source,core_four_contains_no_attempt_denominator_for_candidate,Add candidate-specific attempted-transmission outcome evidence only if delivery probability is retained as a soft criterion.,MISSING,False,CONSERVATIVE_MAJORITY
environmental_private_lorawan,lorawan_lrfhss_lwm2m_nonip,feasible,end_to_end_application_latency_ms,hard_or_contextual_until_comparable_soft_evidence_exists,False,lrfhss_latency,MISSING,lorawan_lrfhss_energy_2024,,NOT_MATERIALISED,NO_CONTRACT,no_end_to_end_timing_source,MISSING,lrfhss_application_latency_source,capture_duration_is_not_application_latency,Obtain matched stack-level timing evidence only if latency is needed as a soft decision criterion.,MISSING,False,CONSERVATIVE_MAJORITY
environmental_private_lorawan,lorawan_lrfhss_lwm2m_nonip,feasible,expected_device_energy_per_application_report_j,soft_candidate_for_first_decision_slice,True,lrfhss_report_energy,BRIDGEABLE,lorawan_lrfhss_energy_2024,radio_incremental_transaction_energy_j,NOT_MATERIALISED,NO_CONTRACT,explicit_single_trace_epistemic_gap_plus_unweighted_variant_robustness,PROFILE_UNRESOLVED,lrfhss_whole_device_report_energy_bridge,radio_only_boundary|generic_deployment_variant_unidentified|whole_device_residual_energy_unidentified,Preserve the Stage-5D unweighted variant family; activate a whole-device bridge only with deployment/profile evidence and explicit residual-energy treatment.,PROFILE_UNRESOLVED,False,CONSERVATIVE_MAJORITY
environmental_private_lorawan,lorawan_lrfhss_lwm2m_nonip,feasible,feasible_link_probability,hard_or_contextual_until_scenario_link_model_is_identified,False,generic_coverage_missing,MISSING,,,NOT_MATERIALISED,NO_CONTRACT,no_scenario_link_source,MISSING,non_lora_scenario_link_probability_source,core_four_contains_no_candidate_aligned_scenario_coverage_model,Keep site/service availability in hard feasibility for the first decision slice; add technology-specific field/link models only if probabilistic coverage becomes decision-critical.,MISSING,False,CONSERVATIVE_MAJORITY
environmental_private_lorawan,lorawan_lrfhss_lwm2m_nonip,feasible,lifecycle_cost_eur,soft_candidate_for_first_decision_slice,True,lifecycle_cost_all_candidates,MISSING,,,NOT_MATERIALISED,NO_CONTRACT,no_cost_evidence_contract,MISSING,lifecycle_cost_model,ownership_boundary_not_frozen|cost_horizon_not_frozen|hardware_infrastructure_subscription_maintenance_evidence_missing,Define a dated lifecycle-cost contract and source-backed low/reference/high cost evidence; keep smoke-test costs out of publication analysis.,MISSING,False,CONSERVATIVE_MAJORITY
industrial_private_ipv6_low_latency,thread_coap_dtls_lwm2m,unresolved,delivery_probability,optional_soft_only_when_attempt_denominator_is_identified,False,generic_delivery_missing,MISSING,,,PARTIAL,NO_CONTRACT,no_attempt_outcome_source,MISSING,non_lora_delivery_probability_source,core_four_contains_no_attempt_denominator_for_candidate,Add candidate-specific attempted-transmission outcome evidence only if delivery probability is retained as a soft criterion.,MISSING,False,CONSERVATIVE_MAJORITY
industrial_private_ipv6_low_latency,thread_coap_dtls_lwm2m,unresolved,end_to_end_application_latency_ms,hard_or_contextual_until_comparable_soft_evidence_exists,False,thread_latency,MISSING,insectt_wsn_power_2023,,PARTIAL,contract_defined_blocked,no_end_to_end_timing_source,MISSING,thread_stack_latency_source_or_model,insectt_power_trace_not_latency_evidence|stage5a_thread_latency_bridge_blocked,Add matched end-to-end Thread+DTLS+CoAP+LwM2M latency evidence/model under the frozen industrial operating profile.,MISSING,False,CONSERVATIVE_MAJORITY
industrial_private_ipv6_low_latency,thread_coap_dtls_lwm2m,unresolved,expected_device_energy_per_application_report_j,soft_candidate_for_first_decision_slice,True,thread_report_energy,BRIDGEABLE,insectt_wsn_power_2023,derived_capture_energy_j|trace_charge_c,PARTIAL,NO_CONTRACT,explicit_single_trace_epistemic_gap_shared_voltage_lineage,PROFILE_UNRESOLVED,thread_report_energy_bridge,repeated_capture_to_report_bridge_not_materialised|upper_stack_overhead_not_isolated|single_trace_population_variability_unidentified,Define a matched Thread reporting profile and convert the repeated-workload capture to per-report energy without inventing population variance.,PROFILE_UNRESOLVED,False,CONSERVATIVE_MAJORITY
industrial_private_ipv6_low_latency,thread_coap_dtls_lwm2m,unresolved,feasible_link_probability,hard_or_contextual_until_scenario_link_model_is_identified,False,generic_coverage_missing,MISSING,,,PARTIAL,NO_CONTRACT,no_scenario_link_source,MISSING,non_lora_scenario_link_probability_source,core_four_contains_no_candidate_aligned_scenario_coverage_model,Keep site/service availability in hard feasibility for the first decision slice; add technology-specific field/link models only if probabilistic coverage becomes decision-critical.,MISSING,False,CONSERVATIVE_MAJORITY
industrial_private_ipv6_low_latency,thread_coap_dtls_lwm2m,unresolved,lifecycle_cost_eur,soft_candidate_for_first_decision_slice,True,lifecycle_cost_all_candidates,MISSING,,,PARTIAL,NO_CONTRACT,no_cost_evidence_contract,MISSING,lifecycle_cost_model,ownership_boundary_not_frozen|cost_horizon_not_frozen|hardware_infrastructure_subscription_maintenance_evidence_missing,Define a dated lifecycle-cost contract and source-backed low/reference/high cost evidence; keep smoke-test costs out of publication analysis.,MISSING,False,CONSERVATIVE_MAJORITY
remote_agriculture_energy_budget,lorawan_lora_lwm2m_nonip,unresolved,delivery_probability,optional_soft_only_when_attempt_denominator_is_identified,False,classical_lora_delivery,MISSING,loed_lorawan_edge_2020,gateway_rssi_dbm|gateway_snr_db,PARTIAL,NO_CONTRACT,campaign_blocklength_robustness_not_delivery_probability,MISSING,lorawan_lora_delivery_attempt_denominator,attempted_transmission_denominator_absent|outcome_linked_delivery_model_absent|crc_fraction_prohibited_as_pdr,Add attempted-transmission outcomes or an externally validated outcome-linked LoRaWAN model; retain LoED only as conditional link evidence.,ROBUSTNESS_ONLY,True,CONSERVATIVE_MAJORITY
remote_agriculture_energy_budget,lorawan_lora_lwm2m_nonip,unresolved,end_to_end_application_latency_ms,hard_or_contextual_until_comparable_soft_evidence_exists,False,classical_lora_latency,MISSING,loed_lorawan_edge_2020,,PARTIAL,NO_CONTRACT,no_end_to_end_timing_source,MISSING,lorawan_lora_application_latency_source,gateway_reception_timestamps_do_not_define_application_latency,Obtain application-to-application latency measurements/model under a frozen LoRaWAN profile if latency is used beyond hard feasibility.,MISSING,False,CONSERVATIVE_MAJORITY
remote_agriculture_energy_budget,lorawan_lora_lwm2m_nonip,unresolved,expected_device_energy_per_application_report_j,soft_candidate_for_first_decision_slice,True,classical_lora_report_energy,MISSING,loed_lorawan_edge_2020,,PARTIAL,contract_defined_blocked,no_device_energy_source,MISSING,lorawan_lora_report_energy_source,loed_is_reception_side_only|no_classical_lora_device_energy_in_core_four,Add one matched whole-device classical-LoRa per-report energy source/model under an explicit LoRaWAN operating profile.,MISSING,False,CONSERVATIVE_MAJORITY
remote_agriculture_energy_budget,lorawan_lora_lwm2m_nonip,unresolved,feasible_link_probability,hard_or_contextual_until_scenario_link_model_is_identified,False,classical_lora_coverage,CONDITIONAL_INPUT_ONLY,loed_lorawan_edge_2020,gateway_rssi_dbm|gateway_snr_db,PARTIAL,NO_CONTRACT,campaign_blocklength_robustness,ROBUSTNESS_ONLY,lorawan_lora_scenario_link_model,scenario_geometry_not_bound|technology_specific_link_threshold_model_not_materialised,Build a scenario-conditioned LoRaWAN link model only when geometry/deployment assumptions are explicit; do not normalize RSSI/SNR across RATs.,ROBUSTNESS_ONLY,False,CONSERVATIVE_MAJORITY
remote_agriculture_energy_budget,lorawan_lora_lwm2m_nonip,unresolved,lifecycle_cost_eur,soft_candidate_for_first_decision_slice,True,lifecycle_cost_all_candidates,MISSING,,,PARTIAL,NO_CONTRACT,no_cost_evidence_contract,MISSING,lifecycle_cost_model,ownership_boundary_not_frozen|cost_horizon_not_frozen|hardware_infrastructure_subscription_maintenance_evidence_missing,Define a dated lifecycle-cost contract and source-backed low/reference/high cost evidence; keep smoke-test costs out of publication analysis.,MISSING,False,CONSERVATIVE_MAJORITY
remote_agriculture_energy_budget,lorawan_lrfhss_lwm2m_nonip,unresolved,delivery_probability,optional_soft_only_when_attempt_denominator_is_identified,False,generic_delivery_missing,MISSING,,,PARTIAL,NO_CONTRACT,no_attempt_outcome_source,MISSING,non_lora_delivery_probability_source,core_four_contains_no_attempt_denominator_for_candidate,Add candidate-specific attempted-transmission outcome evidence only if delivery probability is retained as a soft criterion.,MISSING,False,CONSERVATIVE_MAJORITY
remote_agriculture_energy_budget,lorawan_lrfhss_lwm2m_nonip,unresolved,end_to_end_application_latency_ms,hard_or_contextual_until_comparable_soft_evidence_exists,False,lrfhss_latency,MISSING,lorawan_lrfhss_energy_2024,,PARTIAL,NO_CONTRACT,no_end_to_end_timing_source,MISSING,lrfhss_application_latency_source,capture_duration_is_not_application_latency,Obtain matched stack-level timing evidence only if latency is needed as a soft decision criterion.,MISSING,False,CONSERVATIVE_MAJORITY
remote_agriculture_energy_budget,lorawan_lrfhss_lwm2m_nonip,unresolved,expected_device_energy_per_application_report_j,soft_candidate_for_first_decision_slice,True,lrfhss_report_energy,BRIDGEABLE,lorawan_lrfhss_energy_2024,radio_incremental_transaction_energy_j,PARTIAL,contract_defined_blocked,explicit_single_trace_epistemic_gap_plus_unweighted_variant_robustness,PROFILE_UNRESOLVED,lrfhss_whole_device_report_energy_bridge,radio_only_boundary|generic_deployment_variant_unidentified|whole_device_residual_energy_unidentified,Preserve the Stage-5D unweighted variant family; activate a whole-device bridge only with deployment/profile evidence and explicit residual-energy treatment.,PROFILE_UNRESOLVED,False,CONSERVATIVE_MAJORITY
remote_agriculture_energy_budget,lorawan_lrfhss_lwm2m_nonip,unresolved,feasible_link_probability,hard_or_contextual_until_scenario_link_model_is_identified,False,generic_coverage_missing,MISSING,,,PARTIAL,NO_CONTRACT,no_scenario_link_source,MISSING,non_lora_scenario_link_probability_source,core_four_contains_no_candidate_aligned_scenario_coverage_model,Keep site/service availability in hard feasibility for the first decision slice; add technology-specific field/link models only if probabilistic coverage becomes decision-critical.,MISSING,False,CONSERVATIVE_MAJORITY
remote_agriculture_energy_budget,lorawan_lrfhss_lwm2m_nonip,unresolved,lifecycle_cost_eur,soft_candidate_for_first_decision_slice,True,lifecycle_cost_all_candidates,MISSING,,,PARTIAL,NO_CONTRACT,no_cost_evidence_contract,MISSING,lifecycle_cost_model,ownership_boundary_not_frozen|cost_horizon_not_frozen|hardware_infrastructure_subscription_maintenance_evidence_missing,Define a dated lifecycle-cost contract and source-backed low/reference/high cost evidence; keep smoke-test costs out of publication analysis.,MISSING,False,CONSERVATIVE_MAJORITY
smart_meter_public_cellular,ltem_ip_coap_dtls_lwm2m,feasible,delivery_probability,optional_soft_only_when_attempt_denominator_is_identified,False,generic_delivery_missing,MISSING,,,NOT_MATERIALISED,NO_CONTRACT,no_attempt_outcome_source,MISSING,non_lora_delivery_probability_source,core_four_contains_no_attempt_denominator_for_candidate,Add candidate-specific attempted-transmission outcome evidence only if delivery probability is retained as a soft criterion.,MISSING,False,CONSERVATIVE_MAJORITY
smart_meter_public_cellular,ltem_ip_coap_dtls_lwm2m,feasible,end_to_end_application_latency_ms,hard_or_contextual_until_comparable_soft_evidence_exists,False,cellular_ip_latency,BRIDGEABLE,vomhoff_nbiot_ltem_energy_2023,device_phase_duration_s,NOT_MATERIALISED,NO_CONTRACT,identified_conditional_within_study_nonparametric,PROFILE_UNRESOLVED,cellular_ip_application_latency_bridge,phase_to_application_endpoint_mapping_not_materialised|candidate_stack_not_identical_to_source_context,Define the application-to-application endpoint and validate a phase-composition timing bridge; do not call capture/phase duration end-to-end latency directly.,PROFILE_UNRESOLVED,False,CONSERVATIVE_MAJORITY
smart_meter_public_cellular,ltem_ip_coap_dtls_lwm2m,feasible,expected_device_energy_per_application_report_j,soft_candidate_for_first_decision_slice,True,cellular_ip_report_energy,BRIDGEABLE,vomhoff_nbiot_ltem_energy_2023,device_phase_energy_j,NOT_MATERIALISED,NO_CONTRACT,identified_conditional_within_study_nonparametric,PROFILE_UNRESOLVED,cellular_ip_report_energy_bridge,scenario_report_profile_not_materialised|source_application_stack_not_identical_to_candidate|phase_to_report_accounting_bridge_not_materialised,Define scenario-specific cellular report profiles and validate phase-to-report composition while preserving Vomhoff physical-run joint bootstrap semantics.,PROFILE_UNRESOLVED,False,CONSERVATIVE_MAJORITY
smart_meter_public_cellular,ltem_ip_coap_dtls_lwm2m,feasible,feasible_link_probability,hard_or_contextual_until_scenario_link_model_is_identified,False,generic_coverage_missing,MISSING,,,NOT_MATERIALISED,NO_CONTRACT,no_scenario_link_source,MISSING,non_lora_scenario_link_probability_source,core_four_contains_no_candidate_aligned_scenario_coverage_model,Keep site/service availability in hard feasibility for the first decision slice; add technology-specific field/link models only if probabilistic coverage becomes decision-critical.,MISSING,False,CONSERVATIVE_MAJORITY
smart_meter_public_cellular,ltem_ip_coap_dtls_lwm2m,feasible,lifecycle_cost_eur,soft_candidate_for_first_decision_slice,True,lifecycle_cost_all_candidates,MISSING,,,NOT_MATERIALISED,NO_CONTRACT,no_cost_evidence_contract,MISSING,lifecycle_cost_model,ownership_boundary_not_frozen|cost_horizon_not_frozen|hardware_infrastructure_subscription_maintenance_evidence_missing,Define a dated lifecycle-cost contract and source-backed low/reference/high cost evidence; keep smoke-test costs out of publication analysis.,MISSING,False,CONSERVATIVE_MAJORITY
smart_meter_public_cellular,ltem_ip_mqtt_tls_lwm2m,feasible,delivery_probability,optional_soft_only_when_attempt_denominator_is_identified,False,generic_delivery_missing,MISSING,,,NOT_MATERIALISED,NO_CONTRACT,no_attempt_outcome_source,MISSING,non_lora_delivery_probability_source,core_four_contains_no_attempt_denominator_for_candidate,Add candidate-specific attempted-transmission outcome evidence only if delivery probability is retained as a soft criterion.,MISSING,False,CONSERVATIVE_MAJORITY
smart_meter_public_cellular,ltem_ip_mqtt_tls_lwm2m,feasible,end_to_end_application_latency_ms,hard_or_contextual_until_comparable_soft_evidence_exists,False,cellular_ip_latency,BRIDGEABLE,vomhoff_nbiot_ltem_energy_2023,device_phase_duration_s,NOT_MATERIALISED,NO_CONTRACT,identified_conditional_within_study_nonparametric,PROFILE_UNRESOLVED,cellular_ip_application_latency_bridge,phase_to_application_endpoint_mapping_not_materialised|candidate_stack_not_identical_to_source_context,Define the application-to-application endpoint and validate a phase-composition timing bridge; do not call capture/phase duration end-to-end latency directly.,PROFILE_UNRESOLVED,False,CONSERVATIVE_MAJORITY
smart_meter_public_cellular,ltem_ip_mqtt_tls_lwm2m,feasible,expected_device_energy_per_application_report_j,soft_candidate_for_first_decision_slice,True,cellular_ip_report_energy,BRIDGEABLE,vomhoff_nbiot_ltem_energy_2023,device_phase_energy_j,NOT_MATERIALISED,NO_CONTRACT,identified_conditional_within_study_nonparametric,PROFILE_UNRESOLVED,cellular_ip_report_energy_bridge,scenario_report_profile_not_materialised|source_application_stack_not_identical_to_candidate|phase_to_report_accounting_bridge_not_materialised,Define scenario-specific cellular report profiles and validate phase-to-report composition while preserving Vomhoff physical-run joint bootstrap semantics.,PROFILE_UNRESOLVED,False,CONSERVATIVE_MAJORITY
smart_meter_public_cellular,ltem_ip_mqtt_tls_lwm2m,feasible,feasible_link_probability,hard_or_contextual_until_scenario_link_model_is_identified,False,generic_coverage_missing,MISSING,,,NOT_MATERIALISED,NO_CONTRACT,no_scenario_link_source,MISSING,non_lora_scenario_link_probability_source,core_four_contains_no_candidate_aligned_scenario_coverage_model,Keep site/service availability in hard feasibility for the first decision slice; add technology-specific field/link models only if probabilistic coverage becomes decision-critical.,MISSING,False,CONSERVATIVE_MAJORITY
smart_meter_public_cellular,ltem_ip_mqtt_tls_lwm2m,feasible,lifecycle_cost_eur,soft_candidate_for_first_decision_slice,True,lifecycle_cost_all_candidates,MISSING,,,NOT_MATERIALISED,NO_CONTRACT,no_cost_evidence_contract,MISSING,lifecycle_cost_model,ownership_boundary_not_frozen|cost_horizon_not_frozen|hardware_infrastructure_subscription_maintenance_evidence_missing,Define a dated lifecycle-cost contract and source-backed low/reference/high cost evidence; keep smoke-test costs out of publication analysis.,MISSING,False,CONSERVATIVE_MAJORITY
smart_meter_public_cellular,ltem_nonip_lwm2m,feasible,delivery_probability,optional_soft_only_when_attempt_denominator_is_identified,False,generic_delivery_missing,MISSING,,,NOT_MATERIALISED,NO_CONTRACT,no_attempt_outcome_source,MISSING,non_lora_delivery_probability_source,core_four_contains_no_attempt_denominator_for_candidate,Add candidate-specific attempted-transmission outcome evidence only if delivery probability is retained as a soft criterion.,MISSING,False,CONSERVATIVE_MAJORITY
smart_meter_public_cellular,ltem_nonip_lwm2m,feasible,end_to_end_application_latency_ms,hard_or_contextual_until_comparable_soft_evidence_exists,False,cellular_nonip_latency,INCOMPATIBLE,vomhoff_nbiot_ltem_energy_2023,device_phase_duration_s,NOT_MATERIALISED,NO_CONTRACT,no_candidate_aligned_empirical_source,INCOMPATIBLE,cellular_nonip_application_latency_source,vomhoff_ip_context_not_transferable_to_ciot_nonip,Obtain matched Non-IP end-to-end timing evidence or a separately validated transfer model.,INCOMPATIBLE,False,CONSERVATIVE_MAJORITY
smart_meter_public_cellular,ltem_nonip_lwm2m,feasible,expected_device_energy_per_application_report_j,soft_candidate_for_first_decision_slice,True,cellular_nonip_report_energy,INCOMPATIBLE,vomhoff_nbiot_ltem_energy_2023,device_phase_energy_j,NOT_MATERIALISED,NO_CONTRACT,no_candidate_aligned_empirical_source,INCOMPATIBLE,cellular_nonip_report_energy_source,vomhoff_ip_context_not_transferable_to_ciot_nonip,Obtain matched Non-IP whole-device/report evidence or validate an explicit IP-to-Non-IP transfer model; do not reuse Vomhoff IP phases directly.,INCOMPATIBLE,False,CONSERVATIVE_MAJORITY
smart_meter_public_cellular,ltem_nonip_lwm2m,feasible,feasible_link_probability,hard_or_contextual_until_scenario_link_model_is_identified,False,generic_coverage_missing,MISSING,,,NOT_MATERIALISED,NO_CONTRACT,no_scenario_link_source,MISSING,non_lora_scenario_link_probability_source,core_four_contains_no_candidate_aligned_scenario_coverage_model,Keep site/service availability in hard feasibility for the first decision slice; add technology-specific field/link models only if probabilistic coverage becomes decision-critical.,MISSING,False,CONSERVATIVE_MAJORITY
smart_meter_public_cellular,ltem_nonip_lwm2m,feasible,lifecycle_cost_eur,soft_candidate_for_first_decision_slice,True,lifecycle_cost_all_candidates,MISSING,,,NOT_MATERIALISED,NO_CONTRACT,no_cost_evidence_contract,MISSING,lifecycle_cost_model,ownership_boundary_not_frozen|cost_horizon_not_frozen|hardware_infrastructure_subscription_maintenance_evidence_missing,Define a dated lifecycle-cost contract and source-backed low/reference/high cost evidence; keep smoke-test costs out of publication analysis.,MISSING,False,CONSERVATIVE_MAJORITY
smart_meter_public_cellular,nbiot_ip_coap_dtls_lwm2m,feasible,delivery_probability,optional_soft_only_when_attempt_denominator_is_identified,False,generic_delivery_missing,MISSING,,,NOT_MATERIALISED,NO_CONTRACT,no_attempt_outcome_source,MISSING,non_lora_delivery_probability_source,core_four_contains_no_attempt_denominator_for_candidate,Add candidate-specific attempted-transmission outcome evidence only if delivery probability is retained as a soft criterion.,MISSING,False,CONSERVATIVE_MAJORITY
smart_meter_public_cellular,nbiot_ip_coap_dtls_lwm2m,feasible,end_to_end_application_latency_ms,hard_or_contextual_until_comparable_soft_evidence_exists,False,cellular_ip_latency,BRIDGEABLE,vomhoff_nbiot_ltem_energy_2023,device_phase_duration_s,NOT_MATERIALISED,NO_CONTRACT,identified_conditional_within_study_nonparametric,PROFILE_UNRESOLVED,cellular_ip_application_latency_bridge,phase_to_application_endpoint_mapping_not_materialised|candidate_stack_not_identical_to_source_context,Define the application-to-application endpoint and validate a phase-composition timing bridge; do not call capture/phase duration end-to-end latency directly.,PROFILE_UNRESOLVED,False,CONSERVATIVE_MAJORITY
smart_meter_public_cellular,nbiot_ip_coap_dtls_lwm2m,feasible,expected_device_energy_per_application_report_j,soft_candidate_for_first_decision_slice,True,cellular_ip_report_energy,BRIDGEABLE,vomhoff_nbiot_ltem_energy_2023,device_phase_energy_j,NOT_MATERIALISED,NO_CONTRACT,identified_conditional_within_study_nonparametric,PROFILE_UNRESOLVED,cellular_ip_report_energy_bridge,scenario_report_profile_not_materialised|source_application_stack_not_identical_to_candidate|phase_to_report_accounting_bridge_not_materialised,Define scenario-specific cellular report profiles and validate phase-to-report composition while preserving Vomhoff physical-run joint bootstrap semantics.,PROFILE_UNRESOLVED,False,CONSERVATIVE_MAJORITY
smart_meter_public_cellular,nbiot_ip_coap_dtls_lwm2m,feasible,feasible_link_probability,hard_or_contextual_until_scenario_link_model_is_identified,False,generic_coverage_missing,MISSING,,,NOT_MATERIALISED,NO_CONTRACT,no_scenario_link_source,MISSING,non_lora_scenario_link_probability_source,core_four_contains_no_candidate_aligned_scenario_coverage_model,Keep site/service availability in hard feasibility for the first decision slice; add technology-specific field/link models only if probabilistic coverage becomes decision-critical.,MISSING,False,CONSERVATIVE_MAJORITY
smart_meter_public_cellular,nbiot_ip_coap_dtls_lwm2m,feasible,lifecycle_cost_eur,soft_candidate_for_first_decision_slice,True,lifecycle_cost_all_candidates,MISSING,,,NOT_MATERIALISED,NO_CONTRACT,no_cost_evidence_contract,MISSING,lifecycle_cost_model,ownership_boundary_not_frozen|cost_horizon_not_frozen|hardware_infrastructure_subscription_maintenance_evidence_missing,Define a dated lifecycle-cost contract and source-backed low/reference/high cost evidence; keep smoke-test costs out of publication analysis.,MISSING,False,CONSERVATIVE_MAJORITY
smart_meter_public_cellular,nbiot_ip_mqtt_tls_lwm2m,feasible,delivery_probability,optional_soft_only_when_attempt_denominator_is_identified,False,generic_delivery_missing,MISSING,,,NOT_MATERIALISED,NO_CONTRACT,no_attempt_outcome_source,MISSING,non_lora_delivery_probability_source,core_four_contains_no_attempt_denominator_for_candidate,Add candidate-specific attempted-transmission outcome evidence only if delivery probability is retained as a soft criterion.,MISSING,False,CONSERVATIVE_MAJORITY
smart_meter_public_cellular,nbiot_ip_mqtt_tls_lwm2m,feasible,end_to_end_application_latency_ms,hard_or_contextual_until_comparable_soft_evidence_exists,False,cellular_ip_latency,BRIDGEABLE,vomhoff_nbiot_ltem_energy_2023,device_phase_duration_s,NOT_MATERIALISED,NO_CONTRACT,identified_conditional_within_study_nonparametric,PROFILE_UNRESOLVED,cellular_ip_application_latency_bridge,phase_to_application_endpoint_mapping_not_materialised|candidate_stack_not_identical_to_source_context,Define the application-to-application endpoint and validate a phase-composition timing bridge; do not call capture/phase duration end-to-end latency directly.,PROFILE_UNRESOLVED,False,CONSERVATIVE_MAJORITY
smart_meter_public_cellular,nbiot_ip_mqtt_tls_lwm2m,feasible,expected_device_energy_per_application_report_j,soft_candidate_for_first_decision_slice,True,cellular_ip_report_energy,BRIDGEABLE,vomhoff_nbiot_ltem_energy_2023,device_phase_energy_j,NOT_MATERIALISED,NO_CONTRACT,identified_conditional_within_study_nonparametric,PROFILE_UNRESOLVED,cellular_ip_report_energy_bridge,scenario_report_profile_not_materialised|source_application_stack_not_identical_to_candidate|phase_to_report_accounting_bridge_not_materialised,Define scenario-specific cellular report profiles and validate phase-to-report composition while preserving Vomhoff physical-run joint bootstrap semantics.,PROFILE_UNRESOLVED,False,CONSERVATIVE_MAJORITY
smart_meter_public_cellular,nbiot_ip_mqtt_tls_lwm2m,feasible,feasible_link_probability,hard_or_contextual_until_scenario_link_model_is_identified,False,generic_coverage_missing,MISSING,,,NOT_MATERIALISED,NO_CONTRACT,no_scenario_link_source,MISSING,non_lora_scenario_link_probability_source,core_four_contains_no_candidate_aligned_scenario_coverage_model,Keep site/service availability in hard feasibility for the first decision slice; add technology-specific field/link models only if probabilistic coverage becomes decision-critical.,MISSING,False,CONSERVATIVE_MAJORITY
smart_meter_public_cellular,nbiot_ip_mqtt_tls_lwm2m,feasible,lifecycle_cost_eur,soft_candidate_for_first_decision_slice,True,lifecycle_cost_all_candidates,MISSING,,,NOT_MATERIALISED,NO_CONTRACT,no_cost_evidence_contract,MISSING,lifecycle_cost_model,ownership_boundary_not_frozen|cost_horizon_not_frozen|hardware_infrastructure_subscription_maintenance_evidence_missing,Define a dated lifecycle-cost contract and source-backed low/reference/high cost evidence; keep smoke-test costs out of publication analysis.,MISSING,False,CONSERVATIVE_MAJORITY
smart_meter_public_cellular,nbiot_nonip_lwm2m,feasible,delivery_probability,optional_soft_only_when_attempt_denominator_is_identified,False,generic_delivery_missing,MISSING,,,NOT_MATERIALISED,NO_CONTRACT,no_attempt_outcome_source,MISSING,non_lora_delivery_probability_source,core_four_contains_no_attempt_denominator_for_candidate,Add candidate-specific attempted-transmission outcome evidence only if delivery probability is retained as a soft criterion.,MISSING,False,CONSERVATIVE_MAJORITY
smart_meter_public_cellular,nbiot_nonip_lwm2m,feasible,end_to_end_application_latency_ms,hard_or_contextual_until_comparable_soft_evidence_exists,False,cellular_nonip_latency,INCOMPATIBLE,vomhoff_nbiot_ltem_energy_2023,device_phase_duration_s,NOT_MATERIALISED,NO_CONTRACT,no_candidate_aligned_empirical_source,INCOMPATIBLE,cellular_nonip_application_latency_source,vomhoff_ip_context_not_transferable_to_ciot_nonip,Obtain matched Non-IP end-to-end timing evidence or a separately validated transfer model.,INCOMPATIBLE,False,CONSERVATIVE_MAJORITY
smart_meter_public_cellular,nbiot_nonip_lwm2m,feasible,expected_device_energy_per_application_report_j,soft_candidate_for_first_decision_slice,True,cellular_nonip_report_energy,INCOMPATIBLE,vomhoff_nbiot_ltem_energy_2023,device_phase_energy_j,NOT_MATERIALISED,NO_CONTRACT,no_candidate_aligned_empirical_source,INCOMPATIBLE,cellular_nonip_report_energy_source,vomhoff_ip_context_not_transferable_to_ciot_nonip,Obtain matched Non-IP whole-device/report evidence or validate an explicit IP-to-Non-IP transfer model; do not reuse Vomhoff IP phases directly.,INCOMPATIBLE,False,CONSERVATIVE_MAJORITY
smart_meter_public_cellular,nbiot_nonip_lwm2m,feasible,feasible_link_probability,hard_or_contextual_until_scenario_link_model_is_identified,False,generic_coverage_missing,MISSING,,,NOT_MATERIALISED,NO_CONTRACT,no_scenario_link_source,MISSING,non_lora_scenario_link_probability_source,core_four_contains_no_candidate_aligned_scenario_coverage_model,Keep site/service availability in hard feasibility for the first decision slice; add technology-specific field/link models only if probabilistic coverage becomes decision-critical.,MISSING,False,CONSERVATIVE_MAJORITY
smart_meter_public_cellular,nbiot_nonip_lwm2m,feasible,lifecycle_cost_eur,soft_candidate_for_first_decision_slice,True,lifecycle_cost_all_candidates,MISSING,,,NOT_MATERIALISED,NO_CONTRACT,no_cost_evidence_contract,MISSING,lifecycle_cost_model,ownership_boundary_not_frozen|cost_horizon_not_frozen|hardware_infrastructure_subscription_maintenance_evidence_missing,Define a dated lifecycle-cost contract and source-backed low/reference/high cost evidence; keep smoke-test costs out of publication analysis.,MISSING,False,CONSERVATIVE_MAJORITY
urban_nonip_dual_access,lorawan_lora_lwm2m_nonip,feasible,delivery_probability,optional_soft_only_when_attempt_denominator_is_identified,False,classical_lora_delivery,MISSING,loed_lorawan_edge_2020,gateway_rssi_dbm|gateway_snr_db,NOT_MATERIALISED,NO_CONTRACT,campaign_blocklength_robustness_not_delivery_probability,MISSING,lorawan_lora_delivery_attempt_denominator,attempted_transmission_denominator_absent|outcome_linked_delivery_model_absent|crc_fraction_prohibited_as_pdr,Add attempted-transmission outcomes or an externally validated outcome-linked LoRaWAN model; retain LoED only as conditional link evidence.,ROBUSTNESS_ONLY,True,CONSERVATIVE_MAJORITY
urban_nonip_dual_access,lorawan_lora_lwm2m_nonip,feasible,end_to_end_application_latency_ms,hard_or_contextual_until_comparable_soft_evidence_exists,False,classical_lora_latency,MISSING,loed_lorawan_edge_2020,,NOT_MATERIALISED,NO_CONTRACT,no_end_to_end_timing_source,MISSING,lorawan_lora_application_latency_source,gateway_reception_timestamps_do_not_define_application_latency,Obtain application-to-application latency measurements/model under a frozen LoRaWAN profile if latency is used beyond hard feasibility.,MISSING,False,CONSERVATIVE_MAJORITY
urban_nonip_dual_access,lorawan_lora_lwm2m_nonip,feasible,expected_device_energy_per_application_report_j,soft_candidate_for_first_decision_slice,True,classical_lora_report_energy,MISSING,loed_lorawan_edge_2020,,NOT_MATERIALISED,NO_CONTRACT,no_device_energy_source,MISSING,lorawan_lora_report_energy_source,loed_is_reception_side_only|no_classical_lora_device_energy_in_core_four,Add one matched whole-device classical-LoRa per-report energy source/model under an explicit LoRaWAN operating profile.,MISSING,False,CONSERVATIVE_MAJORITY
urban_nonip_dual_access,lorawan_lora_lwm2m_nonip,feasible,feasible_link_probability,hard_or_contextual_until_scenario_link_model_is_identified,False,classical_lora_coverage,CONDITIONAL_INPUT_ONLY,loed_lorawan_edge_2020,gateway_rssi_dbm|gateway_snr_db,NOT_MATERIALISED,NO_CONTRACT,campaign_blocklength_robustness,ROBUSTNESS_ONLY,lorawan_lora_scenario_link_model,scenario_geometry_not_bound|technology_specific_link_threshold_model_not_materialised,Build a scenario-conditioned LoRaWAN link model only when geometry/deployment assumptions are explicit; do not normalize RSSI/SNR across RATs.,ROBUSTNESS_ONLY,False,CONSERVATIVE_MAJORITY
urban_nonip_dual_access,lorawan_lora_lwm2m_nonip,feasible,lifecycle_cost_eur,soft_candidate_for_first_decision_slice,True,lifecycle_cost_all_candidates,MISSING,,,NOT_MATERIALISED,NO_CONTRACT,no_cost_evidence_contract,MISSING,lifecycle_cost_model,ownership_boundary_not_frozen|cost_horizon_not_frozen|hardware_infrastructure_subscription_maintenance_evidence_missing,Define a dated lifecycle-cost contract and source-backed low/reference/high cost evidence; keep smoke-test costs out of publication analysis.,MISSING,False,CONSERVATIVE_MAJORITY
urban_nonip_dual_access,lorawan_lrfhss_lwm2m_nonip,feasible,delivery_probability,optional_soft_only_when_attempt_denominator_is_identified,False,generic_delivery_missing,MISSING,,,NOT_MATERIALISED,NO_CONTRACT,no_attempt_outcome_source,MISSING,non_lora_delivery_probability_source,core_four_contains_no_attempt_denominator_for_candidate,Add candidate-specific attempted-transmission outcome evidence only if delivery probability is retained as a soft criterion.,MISSING,False,CONSERVATIVE_MAJORITY
urban_nonip_dual_access,lorawan_lrfhss_lwm2m_nonip,feasible,end_to_end_application_latency_ms,hard_or_contextual_until_comparable_soft_evidence_exists,False,lrfhss_latency,MISSING,lorawan_lrfhss_energy_2024,,NOT_MATERIALISED,NO_CONTRACT,no_end_to_end_timing_source,MISSING,lrfhss_application_latency_source,capture_duration_is_not_application_latency,Obtain matched stack-level timing evidence only if latency is needed as a soft decision criterion.,MISSING,False,CONSERVATIVE_MAJORITY
urban_nonip_dual_access,lorawan_lrfhss_lwm2m_nonip,feasible,expected_device_energy_per_application_report_j,soft_candidate_for_first_decision_slice,True,lrfhss_report_energy,BRIDGEABLE,lorawan_lrfhss_energy_2024,radio_incremental_transaction_energy_j,NOT_MATERIALISED,NO_CONTRACT,explicit_single_trace_epistemic_gap_plus_unweighted_variant_robustness,PROFILE_UNRESOLVED,lrfhss_whole_device_report_energy_bridge,radio_only_boundary|generic_deployment_variant_unidentified|whole_device_residual_energy_unidentified,Preserve the Stage-5D unweighted variant family; activate a whole-device bridge only with deployment/profile evidence and explicit residual-energy treatment.,PROFILE_UNRESOLVED,False,CONSERVATIVE_MAJORITY
urban_nonip_dual_access,lorawan_lrfhss_lwm2m_nonip,feasible,feasible_link_probability,hard_or_contextual_until_scenario_link_model_is_identified,False,generic_coverage_missing,MISSING,,,NOT_MATERIALISED,NO_CONTRACT,no_scenario_link_source,MISSING,non_lora_scenario_link_probability_source,core_four_contains_no_candidate_aligned_scenario_coverage_model,Keep site/service availability in hard feasibility for the first decision slice; add technology-specific field/link models only if probabilistic coverage becomes decision-critical.,MISSING,False,CONSERVATIVE_MAJORITY
urban_nonip_dual_access,lorawan_lrfhss_lwm2m_nonip,feasible,lifecycle_cost_eur,soft_candidate_for_first_decision_slice,True,lifecycle_cost_all_candidates,MISSING,,,NOT_MATERIALISED,NO_CONTRACT,no_cost_evidence_contract,MISSING,lifecycle_cost_model,ownership_boundary_not_frozen|cost_horizon_not_frozen|hardware_infrastructure_subscription_maintenance_evidence_missing,Define a dated lifecycle-cost contract and source-backed low/reference/high cost evidence; keep smoke-test costs out of publication analysis.,MISSING,False,CONSERVATIVE_MAJORITY
urban_nonip_dual_access,ltem_nonip_lwm2m,feasible,delivery_probability,optional_soft_only_when_attempt_denominator_is_identified,False,generic_delivery_missing,MISSING,,,NOT_MATERIALISED,NO_CONTRACT,no_attempt_outcome_source,MISSING,non_lora_delivery_probability_source,core_four_contains_no_attempt_denominator_for_candidate,Add candidate-specific attempted-transmission outcome evidence only if delivery probability is retained as a soft criterion.,MISSING,False,CONSERVATIVE_MAJORITY
urban_nonip_dual_access,ltem_nonip_lwm2m,feasible,end_to_end_application_latency_ms,hard_or_contextual_until_comparable_soft_evidence_exists,False,cellular_nonip_latency,INCOMPATIBLE,vomhoff_nbiot_ltem_energy_2023,device_phase_duration_s,NOT_MATERIALISED,NO_CONTRACT,no_candidate_aligned_empirical_source,INCOMPATIBLE,cellular_nonip_application_latency_source,vomhoff_ip_context_not_transferable_to_ciot_nonip,Obtain matched Non-IP end-to-end timing evidence or a separately validated transfer model.,INCOMPATIBLE,False,CONSERVATIVE_MAJORITY
urban_nonip_dual_access,ltem_nonip_lwm2m,feasible,expected_device_energy_per_application_report_j,soft_candidate_for_first_decision_slice,True,cellular_nonip_report_energy,INCOMPATIBLE,vomhoff_nbiot_ltem_energy_2023,device_phase_energy_j,NOT_MATERIALISED,NO_CONTRACT,no_candidate_aligned_empirical_source,INCOMPATIBLE,cellular_nonip_report_energy_source,vomhoff_ip_context_not_transferable_to_ciot_nonip,Obtain matched Non-IP whole-device/report evidence or validate an explicit IP-to-Non-IP transfer model; do not reuse Vomhoff IP phases directly.,INCOMPATIBLE,False,CONSERVATIVE_MAJORITY
urban_nonip_dual_access,ltem_nonip_lwm2m,feasible,feasible_link_probability,hard_or_contextual_until_scenario_link_model_is_identified,False,generic_coverage_missing,MISSING,,,NOT_MATERIALISED,NO_CONTRACT,no_scenario_link_source,MISSING,non_lora_scenario_link_probability_source,core_four_contains_no_candidate_aligned_scenario_coverage_model,Keep site/service availability in hard feasibility for the first decision slice; add technology-specific field/link models only if probabilistic coverage becomes decision-critical.,MISSING,False,CONSERVATIVE_MAJORITY
urban_nonip_dual_access,ltem_nonip_lwm2m,feasible,lifecycle_cost_eur,soft_candidate_for_first_decision_slice,True,lifecycle_cost_all_candidates,MISSING,,,NOT_MATERIALISED,NO_CONTRACT,no_cost_evidence_contract,MISSING,lifecycle_cost_model,ownership_boundary_not_frozen|cost_horizon_not_frozen|hardware_infrastructure_subscription_maintenance_evidence_missing,Define a dated lifecycle-cost contract and source-backed low/reference/high cost evidence; keep smoke-test costs out of publication analysis.,MISSING,False,CONSERVATIVE_MAJORITY
urban_nonip_dual_access,nbiot_nonip_lwm2m,feasible,delivery_probability,optional_soft_only_when_attempt_denominator_is_identified,False,generic_delivery_missing,MISSING,,,NOT_MATERIALISED,NO_CONTRACT,no_attempt_outcome_source,MISSING,non_lora_delivery_probability_source,core_four_contains_no_attempt_denominator_for_candidate,Add candidate-specific attempted-transmission outcome evidence only if delivery probability is retained as a soft criterion.,MISSING,False,CONSERVATIVE_MAJORITY
urban_nonip_dual_access,nbiot_nonip_lwm2m,feasible,end_to_end_application_latency_ms,hard_or_contextual_until_comparable_soft_evidence_exists,False,cellular_nonip_latency,INCOMPATIBLE,vomhoff_nbiot_ltem_energy_2023,device_phase_duration_s,NOT_MATERIALISED,NO_CONTRACT,no_candidate_aligned_empirical_source,INCOMPATIBLE,cellular_nonip_application_latency_source,vomhoff_ip_context_not_transferable_to_ciot_nonip,Obtain matched Non-IP end-to-end timing evidence or a separately validated transfer model.,INCOMPATIBLE,False,CONSERVATIVE_MAJORITY
urban_nonip_dual_access,nbiot_nonip_lwm2m,feasible,expected_device_energy_per_application_report_j,soft_candidate_for_first_decision_slice,True,cellular_nonip_report_energy,INCOMPATIBLE,vomhoff_nbiot_ltem_energy_2023,device_phase_energy_j,NOT_MATERIALISED,NO_CONTRACT,no_candidate_aligned_empirical_source,INCOMPATIBLE,cellular_nonip_report_energy_source,vomhoff_ip_context_not_transferable_to_ciot_nonip,Obtain matched Non-IP whole-device/report evidence or validate an explicit IP-to-Non-IP transfer model; do not reuse Vomhoff IP phases directly.,INCOMPATIBLE,False,CONSERVATIVE_MAJORITY
urban_nonip_dual_access,nbiot_nonip_lwm2m,feasible,feasible_link_probability,hard_or_contextual_until_scenario_link_model_is_identified,False,generic_coverage_missing,MISSING,,,NOT_MATERIALISED,NO_CONTRACT,no_scenario_link_source,MISSING,non_lora_scenario_link_probability_source,core_four_contains_no_candidate_aligned_scenario_coverage_model,Keep site/service availability in hard feasibility for the first decision slice; add technology-specific field/link models only if probabilistic coverage becomes decision-critical.,MISSING,False,CONSERVATIVE_MAJORITY
urban_nonip_dual_access,nbiot_nonip_lwm2m,feasible,lifecycle_cost_eur,soft_candidate_for_first_decision_slice,True,lifecycle_cost_all_candidates,MISSING,,,NOT_MATERIALISED,NO_CONTRACT,no_cost_evidence_contract,MISSING,lifecycle_cost_model,ownership_boundary_not_frozen|cost_horizon_not_frozen|hardware_infrastructure_subscription_maintenance_evidence_missing,Define a dated lifecycle-cost contract and source-backed low/reference/high cost evidence; keep smoke-test costs out of publication analysis.,MISSING,False,CONSERVATIVE_MAJORITY
